cell_id,internet_traffic
5161,12740060.3472951
5059,11170854.376857953
5259,10485779.59721138
5061,9584334.464347998
5258,8707440.216795454
5159,8703872.857452026
6064,8675342.60282981
4855,8491044.36277918
4856,8230212.196455722
5262,8163357.08709642
5857,8145514.036641727
6058,7939202.8290695185
4956,7857682.99422464
4459,7750012.085424296
5256,7632094.031328874
5162,7451156.335762748
4857,7239224.576684221
4755,7209967.193380362
5567,7110181.150365469
5758,7050783.918645119
6169,7029757.249922145
5263,6940202.4686757075
5163,6922887.7640417935
4961,6892405.6302570235
5957,6885430.744316816
4955,6881968.010788771
6065,6708543.294482478
5261,6537499.458240114
5255,6508169.610848285
6165,6384390.445827086
5156,6353382.073055108
6260,6336046.178208933
4457,6320777.524445741
5965,6187575.110968529
4761,6148952.546161702
4754,6101784.839699063
4654,6069286.169406296
5361,6033530.182481412
5967,5985376.5020587705
4959,5940149.429181371
5959,5919666.94212259
4854,5840634.080122043
4957,5838197.301955967
5158,5783072.619967765
5854,5716917.654885271
5954,5701441.271913386
4655,5686285.473420913
4456,5679993.233139658
6067,5649656.818156811
5467,5626396.7119286815
4861,5602532.501442327
6164,5599228.023288953
5964,5503390.406780764
5955,5455829.1817292925
4762,5405702.040466161
4653,5395328.751968319
5359,5389762.519639998
4462,5377248.440342863
5367,5338227.938864384
5160,5322451.966767813
5458,5316080.11395157
6066,5315234.535770471
5856,5314696.570074726
4758,5304066.657871057
5155,5291925.978085593
5360,5285635.24735994
6068,5267147.305405279
4559,5264009.505312925
5963,5234036.2002901975
6063,5229338.023017696
4958,5226173.163387905
4968,5205263.276446017
4756,5202675.414049149
4759,5192894.492422849
5068,5186524.7873973185
4460,5142688.40441103
5056,5116064.041902042
5968,5113582.915716069
5062,5099398.677171697
5157,5073034.121501934
5461,5064295.7441660315
5349,5049016.968559174
4954,5030347.289417323
5063,5000138.471454678
6059,4986293.949486943
4962,4983414.642992241
4760,4963348.937961209
5260,4957698.5751301395
4948,4956749.492093921
6268,4944865.857453398
4757,4894187.8886663485
5060,4885013.195203377
4648,4857463.2658387935
4960,4808627.451148557
5958,4779052.121144006
5568,4776080.871770353
5358,4732396.095769478
6269,4731484.673043059
5154,4730222.727059664
5257,4701360.341579601
5858,4698705.724649278
5254,4671103.163582687
5765,4649988.693419627
4860,4635312.382471832
4656,4620702.484743217
4256,4613842.5754676545
5252,4586896.866714482
6264,4581521.496113529
4556,4574671.3789476985
5055,4571990.9523151135
4660,4554488.109238207
5861,4526155.299757228
4554,4503130.465088281
5248,4496910.4477855405
5966,4491045.501348073
4659,4490324.454601666
5148,4489638.325647869
6069,4486796.581350752
4853,4470890.20277276
5862,4469237.513922421
5658,4461190.109489533
5766,4417478.026076418
4858,4415739.465822843
5460,4412803.517322412
5855,4374571.655860736
4458,4372017.527536038
4555,4364234.898977499
6158,4350595.945367348
5956,4340693.196422856
5757,4318455.361173402
5147,4310279.848735252
5072,4282802.359179436
4548,4280532.940647291
5659,4274636.647592818
5566,4240015.204158973
5151,4235582.292285844
4953,4216706.3742740825
4553,4209265.220483134
4257,4208612.076483279
5752,4205533.959594743
4560,4187363.414248549
4859,4159907.569964597
6674,4155986.9552474744
5667,4140388.032350694
4558,4134730.5283719017
4753,4134388.7061859677
5867,4124376.174130076
5866,4097398.4071042105
5368,4093187.6250424366
4967,4069078.55333341
6371,4065616.6270235283
6345,4058600.3433718896
5047,4050838.78401798
4362,4050156.193084116
5268,4044971.1244580126
5868,4043504.7731465087
5267,4035400.2483974574
6166,4013173.8171600867
5269,4010898.0594458645
5562,4004319.866462192
6460,3996118.3025772087
5053,3986956.833772646
5962,3969586.9931421117
5058,3948743.8825442884
6265,3932943.57761777
4461,3925701.6721882555
5859,3915989.646825387
5860,3915196.4751194296
4359,3910082.5048736357
6261,3888047.063428766
5348,3884167.465964426
5468,3879760.1591018518
4561,3868922.926611551
5951,3839272.795046983
5251,3838202.022345661
5769,3836482.0596037754
5753,3818608.1134859524
5767,3815737.7142944387
7164,3815218.8556027715
4455,3802058.838441905
5073,3782989.808496329
6168,3774417.9271457857
5754,3763342.3393320846
5670,3757900.035827638
5960,3753241.84042807
4156,3751296.0072869365
6050,3751121.9289034954
4661,3750146.7135666693
5559,3743418.8593231384
5969,3711776.4984811693
6374,3690301.5596401803
4363,3686150.52292326
4652,3680260.4508379847
4355,3680021.4026614283
4557,3665256.6340235104
6151,3659828.0770387086
5770,3644868.451408267
5953,3640208.475907398
4155,3629728.4257564796
5662,3625210.1010458264
5772,3623618.4603582765
6162,3620441.590648476
6051,3610395.3095758683
4647,3586628.644056937
6375,3585407.375168218
5668,3558439.5931958915
5853,3557738.360067624
6772,3556803.1023734785
5152,3548216.034269722
5249,3547988.520648093
5952,3539049.8100725454
5560,3537428.7226719838
5069,3528091.159473945
5270,3523567.2944422197
5048,3512336.528037727
6372,3497686.330506063
4972,3497240.876661699
5168,3494472.4791458426
5146,3490087.494735987
5170,3486354.6736459266
5164,3484078.698216935
4849,3483842.6616780683
5759,3479551.971589281
4356,3474745.243924021
4255,3470412.4853562685
4862,3456944.205898606
4662,3450585.5485021276
4658,3436854.7195525793
5561,3424822.0867988984
4547,3423080.385033865
5669,3417567.8708770312
5761,3413316.825858362
6368,3409764.7112087524
4364,3395532.232477118
4160,3393918.789067665
5872,3392749.9094281853
5453,3389308.832196747
4651,3381474.3403636944
5661,3375426.7428778727
4969,3354337.5793195586
4949,3343201.2561831498
6149,3340672.2458299007
6274,3333721.4707338335
5169,3330268.5593021004
4750,3327228.87047481
5462,3325332.5140742958
5449,3320952.1575967595
5057,3317316.3039183957
4650,3316566.794112604
5970,3305879.5398941496
6070,3302975.847895001
6167,3291045.0266779168
6148,3281139.0489667226
5070,3275214.6186406002
5046,3268267.4949163194
5363,3258650.207208302
6360,3239896.4778887173
5459,3236721.0085962485
6060,3236606.9588309824
4751,3232241.5333815706
5773,3231995.2535304967
6072,3227704.617661053
6352,3226954.064550229
5760,3226612.6856901343
5869,3196131.354930981
6565,3187102.1942186235
6370,3184888.859152536
4254,3180869.784850887
5452,3178970.1888030074
6358,3178756.2144998577
4963,3176379.413872918
4260,3170506.5953756836
5064,3162847.9713838384
5149,3162096.5356366225
4545,3156131.2227684287
4546,3151239.452513749
5264,3149654.7516784626
6163,3136412.4998801267
6560,3128509.0205681003
4161,3128468.0797916106
7163,3126996.8499623807
4952,3116766.0956685618
4358,3113745.9208177193
5762,3108933.713810277
5172,3097058.850465429
4154,3089928.051252872
5352,3085632.523864507
5570,3081278.1561572314
5450,3081038.6823630715
4157,3076614.711131506
6675,3069513.343517869
5870,3058565.993603091
4549,3054884.44675176
5054,3053416.2774218703
5971,3050210.5932363863
4261,3032026.99583181
5646,3030284.0800058795
4850,3028685.3877441096
5247,3025977.0851470106
5569,3023135.809613132
4752,3016757.8985616444
5865,3015803.009169598
5370,3011240.702958506
4357,3010324.8497599843
4874,3006274.357368841
5653,3006023.482806353
3757,2995982.785083162
6574,2988345.4231264377
6251,2975135.3879571953
3856,2973556.7300764876
4354,2971356.5932224444
6270,2971226.6149098673
4068,2959736.9376945267
5362,2959150.2832402126
5768,2958625.562594771
5873,2950084.6437469316
3857,2942321.2389390958
5271,2938660.6542934882
4446,2931153.8444565395
6170,2927418.9202327426
6267,2905298.4618177516
6049,2892243.670850492
5660,2892097.1507537337
5751,2891295.357180163
4851,2888835.1744420235
6672,2877609.7208226826
5351,2860466.033490661
5950,2856118.1254730546
5744,2849783.2227555406
4848,2842380.3120584697
4657,2832872.682904585
5652,2828802.773036093
6073,2826934.6913944324
4069,2825216.6142904456
6671,2824184.920135602
6762,2822958.028654724
4847,2821775.072434817
6673,2819622.9712970364
5171,2817113.9823603164
6452,2816902.0953517943
6369,2814097.158058925
3956,2814063.004222282
4168,2812597.4689609604
5852,2807349.048121656
6364,2805829.6155405897
5851,2798166.084562904
5745,2793662.6442588405
6062,2792664.3173034936
5052,2789492.8398837
5372,2787882.5067667076
6159,2778217.036437195
5246,2774132.9504904044
4747,2770221.4463350163
6248,2766123.7137549426
5150,2763368.588517398
6053,2751263.4362419397
4964,2747155.592797771
4445,2742077.2342201183
6351,2741326.97147345
4444,2724190.874008077
4550,2719909.2099545356
4552,2719708.31547358
5071,2714823.8679585992
4349,2712122.6233368968
5353,2698337.3574538613
4649,2686778.176370234
4852,2681277.5088652736
6252,2680579.863992488
4749,2672260.842900182
5871,2665450.6910131928
6249,2662711.0497651882
4447,2660052.78696462
5354,2656863.318507821
5350,2643230.0724065644
5153,2637257.3188105617
4551,2633810.6661312757
8169,2632087.720168182
4453,2630209.982236111
5369,2627534.9054775704
6266,2619657.918961083
6461,2615160.677106374
4971,2610668.9590969435
5961,2604401.437911095
6361,2587958.366324651
5756,2577317.170689133
3756,2571676.277506535
4454,2571493.8686262364
6359,2571295.134057542
6262,2571293.057081535
4060,2569643.4479533383
5771,2564471.0634208345
5451,2558056.730976758
5546,2554250.6697529047
4562,2553784.8274350627
6057,2552588.992928893
5469,2548962.9283198453
5671,2546607.3521906305
7064,2543801.908228762
5647,2541965.375264584
5049,2541622.6876338553
6445,2540741.41366407
4452,2538102.4526554663
8762,2528553.1580521455
6471,2528050.212418009
9368,2526799.1792646307
5245,2523525.2054258035
4973,2523042.3202727293
4450,2519794.3431388685
6451,2518404.4783910736
5644,2518284.3365659364
4544,2516422.230276722
6250,2507884.4896575003
6150,2507083.430589007
6263,2498123.7335509816
4846,2497400.938489796
6665,2496880.516453703
6157,2488895.3962395918
3957,2486396.912715058
4059,2483056.473092336
4259,2481282.625272894
4463,2463196.485543523
4258,2458927.8415767923
6773,2454175.4781165393
4159,2454134.4871109654
3962,2440861.033952319
3953,2439842.468258825
5656,2439170.067761405
6446,2436613.289565693
4748,2426738.331965265
8675,2424390.4018728375
5547,2418954.572945476
5250,2417419.280020247
5755,2417061.2377643245
6271,2414836.534949216
5253,2413961.6138344696
5356,2386536.0204830472
5544,2386219.7157172244
5845,2383907.000272651
6771,2383515.032848164
6052,2382836.9604196353
6547,2373976.3757097987
5654,2373961.4222768033
5643,2371568.2422309197
6557,2369160.2603674997
3955,2364787.2700769715
4053,2352989.177290272
4746,2346282.6239380753
6459,2341559.3116211207
8371,2334839.3265442206
6872,2334366.970526692
4169,2331063.42861658
5067,2329901.5545625626
6662,2320335.284612801
5850,2320184.1492982805
7066,2318364.8482493423
6873,2317216.097013073
6647,2316404.6815563636
5571,2315973.9277570858
4158,2315709.862684001
8271,2303901.7496811394
5371,2303023.3573763785
5145,2293043.2577639995
5844,2292614.9592582197
4360,2289156.9548004656
3954,2288110.3551153573
5750,2287898.6675031628
6350,2287678.7477428657
6447,2278536.1365789543
5344,2276850.62232199
5545,2275240.182977336
4449,2273045.2498780927
5347,2269533.9821726643
5143,2267823.9301684033
5470,2267231.512398708
5655,2254973.991268316
6474,2253344.586470894
3869,2253192.041251789
6458,2247027.854702625
6871,2240878.3562661195
6457,2240861.5176153826
5445,2236176.194966987
5553,2210774.339806413
6664,2210127.58625404
6763,2209768.5068802363
8862,2209235.8161120154
7271,2205970.029625118
5244,2197730.135646823
6346,2194331.836434746
5345,2191986.764780068
5173,2188130.0278587826
5457,2187811.3889635
8874,2187765.0168301547
6347,2187487.046462895
8775,2187138.6913501816
5743,2180434.4018972875
6853,2180049.282195433
8370,2178040.7720357087
6247,2173496.534013101
6246,2172890.353847976
8272,2172552.5008954946
3858,2171767.8927867366
3969,2169362.723863469
4645,2169127.458647114
6469,2168149.8994520465
5645,2167550.953173368
4264,2162805.2361369664
6061,2160654.3222021433
6453,2158980.2290099747
5863,2157955.941030115
5272,2156158.497993321
6071,2155143.7393405093
3963,2154561.4858691986
5949,2149982.392192119
8575,2148445.164551348
4366,2147999.504267245
8774,2141145.1115339124
5554,2139322.761550048
4153,2138684.724030684
4054,2135267.9362923233
6448,2134619.286085767
6753,2131468.2394058113
6561,2129593.439662525
5651,2124927.0309520145
6275,2120542.305525125
5558,2119359.775514349
6171,2116217.7223709184
7166,2114471.4679919863
4056,2113930.392149785
4951,2113814.0465909895
4055,2111889.3892385475
5552,2109875.372393356
5448,2109077.572739242
7052,2103922.8076826693
6161,2100060.429412259
4950,2097638.0343064736
4350,2095180.2200160162
6874,2095105.5436704094
5273,2093760.0134192123
6259,2093700.723700524
6160,2093412.8473131768
4965,2093016.2588951767
6764,2091210.7830393799
7372,2089390.997856435
6851,2088284.5759288953
3959,2084720.6046599806
6774,2077083.816328626
6177,2075187.987172702
6468,2069479.8490862204
4646,2063351.1528298082
6546,2055110.406288414
6663,2049397.9613647938
9268,2049375.0169491866
5746,2044614.3645084563
3758,2043433.9979377328
6152,2041810.2891821312
8676,2041401.0349175856
4863,2041168.6610621267
8471,2039618.2258523556
6657,2038135.6472229129
4926,2035693.1468420827
4947,2035310.695562694
3855,2033820.6105396478
4845,2026870.9221242664
8576,2026364.88855525
5563,2025662.6281241137
4991,2025613.0431344283
6277,2024540.046175619
3658,2022753.3528927085
4442,2022409.5868322575
6564,2022259.9418483172
7371,2019014.9635811658
6056,2017391.8512034223
5346,2015794.1585114193
6951,2015438.8152917179
6470,2014427.994041768
7063,2010576.456963696
6757,2006347.6455971163
4062,2000511.7328361815
5555,1996458.0155066384
5551,1990465.3906003071
6276,1990305.2696073544
6258,1988124.0322121894
3960,1988046.1206213986
6054,1984458.7332213423
4058,1983575.4874814816
8372,1978546.9649395696
5557,1973042.9045295666
4745,1969695.5342611424
4826,1968346.627160597
4263,1967193.8900954234
5556,1966133.5342699366
4057,1965980.2926542035
4344,1959711.6693673485
6568,1957770.5769744972
6156,1957538.330529209
3863,1956266.1529722475
3558,1946270.6186696775
5466,1944417.3033097892
3862,1943868.237502793
6353,1942633.5804128319
5446,1942499.3503331637
6450,1939865.7355213652
5672,1936197.2333181738
6272,1935784.2240402265
6747,1931514.1857205161
5454,1930034.9767460905
4063,1929364.691025116
3854,1923143.563814944
6245,1921548.6723521524
6348,1918388.9916060595
5051,1917025.828980107
6475,1912231.3382662546
6569,1909906.0156833401
7165,1903596.9097784502
8472,1902927.6060694263
8475,1902665.295904969
6571,1892138.3636700327
4970,1890761.9637708985
6570,1888602.7280684714
7472,1887716.7960422593
5463,1887409.2599548374
6858,1884696.1385627962
4946,1882000.1302026669
7568,1880326.3491466257
7065,1877902.2246104125
6558,1877323.074538963
7471,1867057.2833972427
6952,1861772.3913275953
4865,1861615.731139062
6176,1860893.053887916
6376,1858706.6072100946
6972,1857797.8506932326
8476,1857233.11775083
5657,1854659.579632404
4451,1853540.6260979215
6875,1853348.0597356923
4061,1848617.651773493
5355,1847953.6692784983
6758,1845648.3878255612
8662,1842758.635847498
4927,1841288.3286545142
3659,1838432.546616061
7668,1836144.42631364
4345,1828431.7479990148
4248,1825742.7057040117
6077,1825202.4202387142
5444,1824027.0298495195
6857,1823713.6974074957
8574,1821640.6343709782
8474,1821616.1182077443
3958,1817133.689885658
5972,1816613.3456640413
4443,1810800.7128987464
9369,1809587.527474664
5447,1806907.1549486464
4249,1805180.4323311013
5666,1801011.2983774787
1251,1798129.222991338
3656,1794842.9407742748
7524,1793038.1724447212
6658,1792737.8076607857
6462,1786069.9345146099
6752,1783428.9413222985
5946,1777764.1068504327
4464,1771619.2849228105
3764,1771605.5667055557
6362,1769536.0024534208
4348,1764213.9669238457
4361,1763252.6981226588
5548,1762914.4919661863
6575,1762234.2323800595
6646,1758500.3772646901
6852,1755723.6496678942
4343,1754124.1635628983
6566,1752706.1951145118
7272,1752153.2863740276
6278,1752014.6642118543
6562,1750767.4168513033
8857,1750386.430310298
6976,1747618.039593652
6349,1747600.1008471353
9367,1747239.0442236525
5027,1744396.7995190895
8572,1743188.2671813285
6178,1741535.9133302367
7255,1738976.1872753657
5945,1734870.5234268494
5471,1734445.5483145542
8473,1730557.980350123
7569,1719404.1669631605
4448,1718510.1617574308
6548,1718456.2403187645
6464,1714266.661382395
3848,1713207.0755987081
6667,1712886.5592882915
7768,1712326.4439169825
6670,1703043.7891192338
5050,1699192.0319242484
6367,1697017.9347110097
4346,1696228.5158245487
4644,1696163.3432502225
6850,1694100.8930192848
7062,1689363.5004542572
6573,1677767.1521864648
6472,1674835.9680915675
5065,1669639.34213866
4247,1669624.6634557287
8573,1668650.6111185972
3864,1663191.918277984
9269,1659606.1884201313
5144,1657925.5944429222
4342,1657051.7028463061
7468,1655608.2125998011
7061,1654246.5729072054
6363,1652503.6111221816
7669,1649599.3342632696
6870,1648452.2090988988
6253,1647046.5582089685
6971,1646819.619821826
6756,1645553.9093895275
8674,1642978.9709396588
3852,1639339.673957231
7989,1639011.1924996376
4353,1634015.528215747
6578,1631574.9130642023
8090,1630159.6664531399
6175,1629444.908860982
6550,1628896.5290686458
6849,1628204.9143522372
5366,1622287.1220916696
4149,1617943.4141949278
6958,1616342.7991262455
3755,1614511.3566552629
6449,1612826.5982405993
3871,1603594.7522922847
3872,1602493.9523276873
6365,1601716.917233566
3853,1599875.520411155
6048,1599766.4642239776
6473,1597947.7479077172
147,1597286.2367607278
3868,1592192.4573333447
6567,1589536.3884105168
5455,1588289.9169150454
5572,1588197.2314942672
7767,1586799.430501697
7155,1581394.2849722928
4250,1581190.4845763652
6751,1581035.7946639538
7868,1577073.7681486607
8875,1572004.8684268661
3847,1570726.9138438923
9977,1568504.5499024198
7990,1567039.1854158335
6775,1564983.7469885747
4351,1564007.8777331365
4347,1563645.3046798515
7056,1562678.5237733312
6950,1558172.1233572876
4147,1557886.9464751515
6153,1555354.903528814
5456,1553539.4996619597
7769,1552466.3240072432
9468,1552459.4309895672
6975,1551950.6985480916
6770,1551215.2911139354
6377,1551177.1908031642
8672,1547297.9562320006
6257,1546964.2015607688
6953,1546644.1105180543
4945,1544946.9068725728
7067,1542623.6290164401
7454,1542329.778222374
9978,1542177.725097307
9884,1541911.9306057375
2245,1541621.3267414814
7869,1539335.663885797
7264,1538147.6272148616
3851,1537560.2333225766
6668,1537297.6180775887
4148,1537079.5040305364
4163,1535999.521813694
6055,1533772.5839245766
6956,1530379.7234131314
6552,1529438.652039727
6973,1529018.7237660731
6146,1526885.845678786
5543,1524119.9246415345
8054,1523469.0392817755
9267,1522208.5760768915
5947,1517687.1178017538
6970,1516773.5644319002
3968,1515813.3836805096
7072,1515080.3411425967
6969,1510739.624764839
9467,1508844.4568848547
5266,1508232.9643716605
5089,1505221.946349853
7654,1504163.4351366009
5846,1503485.5112351286
6759,1503400.6611511346
4643,1502741.8862328965
5026,1502191.4933177065
4246,1500371.0702764827
5948,1499925.6510102488
6078,1499516.7320564406
3748,1496697.283799548
6863,1495500.821471379
3952,1492988.0508778698
4352,1492390.1402246407
6047,1487861.209192449
6476,1487504.9413418912
4543,1484595.860829018
5650,1484513.5495103176
9370,1484433.3981095448
4150,1483023.2169610139
6279,1482641.4696882798
9885,1480626.1460584754
3751,1480138.9673384805
4245,1479946.47735553
7670,1479566.8585421566
4128,1477912.8260452503
5764,1475718.5425294167
2145,1474639.02236197
4367,1473458.591926416
3846,1472769.4477612635
8834,1471430.0683215584
4251,1470469.3737038244
6856,1469237.1243694576
8374,1468057.4973905094
5550,1464346.1394893317
7969,1463864.063486904
4253,1460337.1887332299
4162,1457946.9236786498
6961,1457677.238247731
9976,1457003.3637995124
6074,1456842.3854199287
6551,1453540.139605777
3850,1451260.58665397
5864,1446700.9752837073
7254,1445225.0222984494
4943,1442580.0043099152
4890,1441812.402403262
6045,1441682.320342569
7770,1440789.578061116
8571,1440060.3700948982
7240,1438247.3811351382
3633,1437437.1843994395
8756,1436358.2207861065
6761,1436263.7419727063
7263,1435195.8923380275
6862,1434596.010420804
3634,1434226.3558695258
6373,1433592.9541321862
6145,1425641.8744907936
7856,1423499.450463806
3859,1419948.5310319334
4252,1417513.7922357856
9877,1415231.1330271321
7567,1414510.9645392299
5472,1413091.9922762099
6864,1410301.1687789934
6174,1410271.0266031397
3964,1409921.3258036517
7059,1409745.7553557893
4877,1408190.141540912
4262,1408168.9497736683
3750,1406484.3735871937
3970,1405113.5812626597
7523,1404820.762634043
1250,1404636.2865886902
6645,1402985.8056554704
6463,1402806.5893881724
6652,1401420.2523431047
3436,1401158.6313413226
3949,1400819.254264256
7469,1398331.075848287
4064,1397364.9953115317
4152,1394831.8407032734
6144,1393636.18641524
7755,1392943.723058431
4765,1390582.7830190845
7554,1390156.9881685085
6876,1388815.0467261383
8677,1386927.727713851
7570,1386427.6443907334
4777,1383339.7192302586
8154,1382456.4397791857
6977,1380156.2711292116
5549,1379706.7613786738
8373,1379379.7374030862
7370,1379188.4404225356
8671,1378834.5600217772
6147,1378169.841319593
6273,1375784.965146601
8053,1375433.1005230222
1151,1374929.3371011417
8089,1370343.4536364144
6545,1370084.1107406751
8190,1369253.3073882544
6754,1369092.1101576854
6656,1367539.641122922
3849,1366455.8944192529
6750,1365788.732150163
3650,1363317.1950756558
3763,1362714.1659355941
3536,1362170.3866011463
3559,1360952.6699180782
3860,1360817.9363537023
6572,1360660.7535588741
6968,1359310.6989452792
3965,1359280.1991265886
8957,1359026.123773513
6046,1358720.0289965223
6659,1356377.708988641
6456,1355263.079850383
5665,1354698.8590023716
7470,1354654.8078429878
8734,1351567.9101199927
8771,1351477.539259413
3437,1350400.3933602925
6563,1348755.1716309113
3961,1347502.116879832
7952,1347463.4987859607
7051,1345520.720263923
6559,1344927.524835743
6553,1344174.3789164925
4049,1342444.7933553231
6549,1340401.1247475694
3432,1339782.6308736699
3749,1332253.716034742
7077,1330604.2073338572
8772,1328524.3689199442
4642,1327614.8781068947
3948,1326661.3080367516
7667,1326058.9087138749
8855,1324845.2661247274
3533,1323971.914785036
7173,1322623.0529068913
6746,1322424.6396255835
5243,1322001.1698834265
6963,1320106.5851279718
9985,1320050.534743453
7071,1320015.8073730862
6653,1318910.6727506344
5977,1318209.2255070177
7756,1316033.2922718842
9484,1309913.3712927452
3655,1309647.867973835
7058,1309359.0259749065
3759,1308541.9556299036
8562,1308107.6350233357
7870,1304219.6401729935
6962,1304162.3490951234
7571,1303275.8326147588
4052,1299993.646723836
3947,1299926.8079169677
8470,1295691.931177172
4869,1295242.0116418202
4146,1294689.9339856585
9878,1291511.0766746197
8171,1291223.1723199163
7467,1289685.731030846
4151,1289075.9083010284
8577,1286294.2482520232
7985,1286274.535067853
4341,1284904.094933263
3754,1284788.51703023
7443,1283780.4489812888
8273,1283023.0799109181
7855,1282798.890868752
8276,1282032.0344403475
6666,1280604.685443153
7490,1276975.8878026698
7491,1276975.8878026698
9059,1273814.8511213697
3537,1273799.06947554
5378,1269682.071871816
3967,1266945.3420034207
3760,1262544.1086625832
8670,1261394.0209199905
4048,1260056.2830466512
8084,1259372.4797646469
4870,1258665.240681139
8277,1257110.9867821774
3635,1256755.6965252042
6869,1255288.4863935038
8172,1253761.7057559644
7591,1253066.714646814
4050,1252903.323525975
48,1252877.0860230322
7076,1251415.7872944034
5978,1251113.5354910034
5877,1249660.3287205948
4542,1249519.4754320278
3651,1248724.9908361414
8091,1248356.8906285781
4244,1247514.4681072365
7754,1246493.6444611566
6576,1245694.856966261
9159,1243767.5322380706
7069,1243441.1897846523
3950,1240819.200727007
4989,1240552.0193476786
3534,1239908.3782502257
4145,1238642.6415854788
7655,1237035.1874487058
5375,1235739.9734896736
3532,1235242.4096870825
8191,1234163.8573375104
8376,1234105.406677357
7590,1233210.2502712167
4844,1232336.2181813098
7073,1231882.5403245988
8189,1231158.8211332685
7656,1230374.0914086227
3771,1230258.69167534
7466,1226555.4075999686
7053,1226545.576296285
6959,1222189.4219795999
4144,1222004.2730872403
8175,1218445.5006433914
5364,1218179.6510497741
9469,1217570.4781394543
4365,1216473.8103283255
7652,1215941.7718834796
8072,1215789.472367009
7369,1213922.0845955317
8377,1213866.9560994625
3971,1213417.629251913
3972,1211751.0681432602
5565,1210603.3272080042
5357,1210358.7930983708
7657,1209959.363246886
6957,1209691.885640172
7953,1207623.0123527457
7354,1205947.2341357782
6579,1205204.7029520217
7885,1204669.1571203545
8974,1204215.1015817756
3535,1201196.7411840898
5090,1199560.999076907
8073,1198584.641404313
6967,1198508.6343688031
3736,1197008.9084647396
3636,1196889.50505493
7060,1195657.1390048757
4326,1195525.8745996056
8071,1195194.2443484834
8176,1195110.8373773838
5847,1191974.8767263594
8173,1191520.3519473341
3735,1191255.313892091
3772,1190347.032925383
4778,1189186.7701780575
7055,1188278.3934464352
4325,1186894.9762868083
7651,1186875.3395687917
6075,1186393.9301769277
9483,1185703.2547074335
7167,1183760.6330971795
5763,1183020.0004796083
9583,1182103.4318623645
6669,1180778.1897115784
7068,1180670.1342456571
5045,1179832.0160816563
3752,1179611.626469666
6745,1177088.5619648471
9569,1176749.1826752212
6854,1176234.8073273671
5174,1174534.5083670742
4867,1170122.8419818443
7647,1169157.5012263139
7270,1168634.4399546522
6396,1168249.716421576
4864,1167716.6479442096
6496,1167621.2138530326
4944,1167454.2864688179
6366,1164659.0248588608
3861,1163401.1412333318
8270,1162925.0637634436
9986,1161434.776610744
6760,1160077.9639359075
7555,1157182.1615046076
6397,1157036.1298673947
8477,1156823.3290024488
6955,1156503.498380199
8275,1155467.7322876914
6577,1154195.5668137886
7653,1154031.3833188321
4679,1154028.784045549
8975,1154006.0005806028
8856,1153941.7561998495
7390,1153685.0942054929
5343,1153495.4546966117
5564,1150495.7547648225
8375,1150090.204338799
5878,1149870.3235082624
8959,1148816.6713978185
7489,1148550.5551437354
3673,1147965.6410502682
1051,1146964.7493808123
7973,1145628.5050173015
9074,1143575.3972591087
6895,1142983.2169668877
6795,1142983.2169668877
8378,1142030.5387862674
4990,1141897.513233156
9270,1141893.6217628599
7986,1141891.689355673
3966,1139366.3103685025
8085,1137016.5652834403
5277,1136661.1422919845
5142,1135291.060218902
7671,1134647.5539065513
3649,1134433.9064291262
5774,1133423.2888587243
7343,1133045.401105763
4942,1131363.05855106
8673,1131220.0095185202
8274,1131041.891036424
6861,1129275.3971791642
3870,1129227.1351271502
4744,1128566.5658195338
4977,1126998.5220549952
3674,1126267.3765902913
5442,1126220.410484145
5376,1122715.8155923479
8278,1122178.1742041647
6966,1121747.070180263
9784,1121697.3072544085
6868,1120787.1969269826
4843,1118014.74302781
4743,1116630.8733331705
6949,1116585.3867860248
7566,1114515.5521013367
5843,1114461.2916818112
7442,1112558.703151231
6894,1111589.775362778
7991,1111103.4911526467
6954,1110246.1250996483
3773,1110090.9841591273
3453,1108565.865236914
9075,1108198.9502642015
7553,1108091.7264913714
8174,1107784.658129629
9987,1107479.0876439332
3775,1107352.3536789215
7889,1105199.5563746798
9984,1104718.7212831723
3865,1104424.4685448564
8773,1103126.9068466602
6155,1103045.312623269
8757,1102014.031350553
8055,1101562.4741167594
8269,1100579.887262473
6556,1100505.146708842
4228,1099491.0664166636
5041,1098351.0452755445
951,1097205.6978610642
5973,1096687.3098997518
6978,1096450.0664566176
7078,1095815.0582266224
5274,1095183.5803084678
7156,1093709.9070881195
8076,1092705.4498644304
4227,1092615.0145479771
6378,1091135.7747374447
5975,1090069.027177011
8661,1086020.4761059836
7543,1085971.7331496486
7176,1084596.6143384941
9568,1084356.8562661135
3747,1083325.955347206
1052,1081899.782990774
7159,1081200.9905315707
4226,1079350.0631497046
4669,1079111.203622194
4866,1077999.333166695
7339,1076301.1433758275
8873,1074980.5092493626
6650,1074464.4023948142
7492,1073966.018872623
3563,1070063.0759546503
5747,1069669.885979645
6859,1068777.8156153692
6768,1067635.159128518
7854,1066955.4930985852
8858,1064212.2817148082
8835,1063038.7680829365
9168,1061910.2285217359
8389,1061755.9668561441
6867,1061108.1766570646
5475,1061024.1678983106
3774,1060874.856703529
7340,1059580.7294871036
6794,1056189.584286239
7724,1055561.406102747
7988,1054856.5057250129
4164,1053607.085559185
3875,1052151.4907279166
3118,1051902.5987806872
6679,1051313.7167196416
7046,1050510.015277118
8290,1049950.9753289728
6855,1048908.4721703797
3433,1047381.6429331013
3753,1046974.2037958358
6076,1044837.0151150214
7852,1044630.3590962433
7241,1044570.2706998402
6769,1044503.576177126
8011,1043973.6027526918
8478,1041982.3381950042
6444,1041777.5462849857
5876,1039277.738065264
6960,1039207.4826240606
1152,1038993.6744273925
7646,1038944.3189272628
6395,1038680.7148203267
6945,1038171.0269008093
3553,1037987.7919403256
9174,1037816.8107996191
5165,1037540.2354775909
9158,1037076.2439958901
7172,1037062.9205046267
8291,1036965.366049138
9150,1036117.2835790127
8289,1036079.2310588306
4827,1034008.986105895
3336,1032459.7151063328
7284,1031948.6457216521
3353,1031438.5570811935
7045,1030600.2531863777
7970,1030205.6709955919
4868,1027119.6235167612
6860,1025395.4328399678
8656,1024713.9622290544
9167,1024573.3576561195
8052,1023582.9987736417
6495,1023411.0642218122
3654,1023048.7743379478
8186,1021714.9545881647
5342,1021061.894298788
3946,1020796.7181392019
9251,1020661.7185698499
6497,1020408.8330814642
7592,1020118.921545172
7444,1019521.0673318928
8976,1019050.806978803
3653,1018258.293577878
7954,1017882.9992916611
4871,1016669.7044195799
3845,1016254.2150832277
9058,1016062.6276712641
5141,1015354.2358575265
9250,1015190.0192778205
7154,1014646.1528944857
8390,1014047.0040142984
4479,1013695.1061106662
3564,1013592.507399982
9060,1012748.9741515077
3657,1011236.2341915516
3874,1011067.8999176623
4664,1010867.4596849486
5464,1010867.2909385007
8872,1010723.8244026762
4267,1009833.3347925851
7725,1009323.8779481212
3652,1009309.0767143583
2246,1008644.7553105438
8852,1008616.1358767516
1247,1008318.2888371248
9151,1006060.6694853022
247,1002532.323048131
8388,1002400.2439715092
7644,1001962.410384277
5091,1001543.7418053182
3765,1000239.8919862242
8088,1000007.6044680796
7972,999816.8421003785
7050,999569.8933015806
3218,997583.9782051955
8958,997210.5757135149
7075,995263.1190465841
3660,994969.3391152582
8490,994764.7513718315
9175,994728.8914870129
8391,994642.7879031121
6845,994499.6498061207
5974,994192.7668497493
952,992458.1723678744
5241,990634.0387128554
3733,990414.2475604606
6651,989032.8612942117
8491,988294.8572896903
6354,988221.2117642318
3761,987605.4239276492
7085,987148.880119403
9887,986828.5978424235
8489,986562.2788667654
3435,985464.9813667298
3876,985396.246050977
4465,983991.5811153386
5040,983579.5117589018
4379,983283.7058603236
9584,980138.8705572461
7057,979470.543230894
4127,979468.4808678267
4266,979378.3354801679
4763,978107.4790199798
7239,976908.5289534337
9194,976624.2134176794
3334,976507.8501387311
3434,976507.8501387311
8952,976059.1083832986
9057,975935.3790666936
4940,975803.0158504765
851,975096.333105872
9477,974567.5629402301
9195,973977.4491387765
4029,973040.9867552515
4229,972168.9671271878
6676,971459.6770442064
4468,970756.0680368448
5976,970532.4490459026
7344,969837.8105237763
8570,968770.8975210718
9295,968622.7281163185
7342,968280.0828300678
6848,968223.1853713912
6846,967136.5496341223
4027,966637.925745675
5874,966210.4051378622
6877,966147.5522766034
9466,966106.3723880905
8619,965150.8270177748
4889,964741.256226381
4742,963901.2588055123
4779,963787.0051938897
2146,960852.1003464083
8153,959782.3850755183
3253,958935.5362186308
7391,958159.195267378
6866,954330.5432208676
3385,953703.6014144134
3285,953696.7673983194
6765,953338.6055980986
7162,952234.1007218513
6974,951551.0300042043
3951,951338.417216297
7955,950228.2755564875
6044,948323.3992048935
6173,946844.2512693744
5043,945696.7107270291
3867,944890.3598195089
7081,944093.7438359014
5373,942543.2864212601
8770,941266.2573920456
1147,941199.5317768247
6847,941089.0781394781
8185,940441.289513326
8919,940313.9901796187
3734,940308.9039751537
4268,938868.9327229662
3337,938630.1274643526
3554,938469.2068802279
3335,937391.9780141654
8621,937105.1476521018
8720,937105.1476521018
8819,937105.1476521017
8719,937105.1476521017
6878,937087.8161204779
8519,937022.0771020891
8721,936922.3986328652
7544,936406.3102546182
8188,933996.6102203449
3036,933871.3706678889
7757,932082.017980153
8960,929856.3651400255
7853,929788.45656488
6695,929740.2566132612
4478,929543.4254463597
3648,928756.5903755279
9073,928680.8561983261
8920,927153.8628030302
4243,926318.5296420346
8012,926286.5271862944
3663,925639.5585517175
8578,923851.4888488201
8761,923807.1944873887
3664,923560.3410800545
6355,922803.1498661838
4941,922608.2777413041
4047,922281.908223159
8851,922153.9954855654
3929,921916.7838963165
4767,921217.7327593925
6465,920577.7166263133
5379,920312.9793681424
5265,918538.009529416
9562,917348.2908523384
9561,917348.2908523384
9560,917348.2908523384
9460,917348.2908523384
9661,917153.9101180837
6964,916315.3996999781
9461,916080.8430909986
4842,915697.0623100863
7070,915440.6702328547
8820,915351.0130950204
6946,914533.8633220374
8080,913514.1497325845
3386,913432.109364957
6749,913176.777980757
9979,911065.4188587838
3672,909788.9662254701
9662,909419.4692809972
2046,909260.8506869294
6256,909054.666115588
9173,908719.4844784254
3762,908441.5930298003
5875,908395.5217679852
7771,908370.4692584816
9396,908131.5993559255
7366,908123.2581390885
4129,908123.121820901
7593,908048.6182267917
3873,907780.1599327839
8751,907377.7250161201
8973,906582.3650265353
7886,906464.3674812663
7453,906084.8375974678
6172,905595.468554731
7572,905215.5582387332
5039,904122.6670778584
2266,903841.8754158852
8086,902573.6474717248
8620,901583.3805192378
8663,901393.8158208805
3454,901378.1065772912
8752,901242.8172232611
7624,900407.9754923023
7158,900242.6756978285
9294,900217.2333360295
6244,898557.264349665
6357,898472.7497580581
8288,897655.9387625818
7157,897251.1819627581
8758,897091.85288965
7691,896894.5368947581
3776,896336.7751332727
9366,896320.1978290706
9172,896220.0339927555
9395,895794.5063643024
347,893693.2038213039
5167,893239.6993788029
4028,893045.0266052295
1948,892762.3179367671
3675,892251.1879801446
5441,891656.2662807625
6467,891551.1444912757
7086,891409.9493839
5341,890973.3301347282
5042,890758.5879073195
1848,890686.4196346387
5275,890588.1454184
7623,889415.6580748247
8636,889260.2431623864
4878,889236.1460700296
9476,888969.3330091273
8180,888783.9906278368
8392,888736.5473582875
9360,887536.3791213211
4030,887507.5312795317
6454,886246.0490951453
6154,884898.0898901772
7890,884364.9567762779
8561,884233.2420270592
7389,884105.9931287663
6865,883834.4283645255
9577,883626.266663205
8488,883014.6791257113
3555,882049.1925671621
3333,881960.2718111108
7242,881332.5938418579
8660,881250.729923655
1053,880734.1279653031
6944,880706.3813140399
5380,878707.4682079375
9397,878018.4638289469
8469,877996.2462184051
5381,877198.783045326
9157,877125.9722518711
9361,876748.0109751528
4051,875450.0138958178
5480,874643.8004164164
8659,874530.8426501347
7243,873629.2025490903
7041,873490.4921993715
6779,873425.0425499051
9377,870572.563793829
6661,870570.2860583696
5166,870234.611837602
6896,869114.2247909496
2936,869065.0823292776
7074,868385.6005020736
3737,868117.8344100364
4678,868017.6366906058
7645,867491.8544350215
3234,867321.1908718382
3866,867165.1883023265
7177,866804.6311998039
3235,865687.6366915768
5663,865111.215639535
4966,864489.3857584279
4265,864368.3003189508
8569,863076.781807028
7884,862988.759966156
5779,862370.5838372549
2338,862176.5136215561
9485,861769.4724406445
7424,861423.0521800731
8759,861323.0992215083
3352,861007.9075954356
3037,860067.0218573924
5044,859722.4279630048
8821,859489.0352259042
9660,858440.6201863604
4466,858426.1168221701
5377,857599.4435382939
9462,857582.5802536551
8369,857072.1241782135
9497,856356.8841407964
3185,856333.6263214333
9152,856077.3731071365
3647,856022.8167870546
4329,855882.5756955422
3665,855829.3648956938
9886,855787.4268999795
6965,855278.0973552468
7867,854401.2333564823
8776,853890.3784034583
6379,853715.3062179157
47,852823.364774759
7525,852427.1278435732
7891,851358.6728177478
7791,851133.6408019351
2339,850994.5875783974
9271,850897.0791939284
4766,850704.6241580707
7175,850686.2357911549
6660,849912.355746361
5242,849417.34640286
8074,849303.0110017041
3284,849173.2960929276
7552,849068.7338270142
8559,848807.3533234826
3551,848710.8480205424
7892,848695.189382941
4380,848440.7423737954
5664,848116.9749673257
8652,847859.4738806076
7792,847269.279188115
852,847162.9945957542
9371,846885.6881953345
4369,846823.213062002
3452,846759.1599663796
7551,846550.3599957399
6254,845562.8470541122
9170,845354.8738184455
7044,845208.8825334469
4130,844722.2891140861
7971,844211.5803578497
7142,844203.727656121
7143,844144.9487109903
7542,843714.5044855183
8635,841848.3560424618
8287,841299.6721270869
7790,841070.156787268
8859,840900.9966929577
5374,840232.1959992643
7341,840130.8109354166
4368,839796.2653841397
9019,839516.328104193
6344,839493.9869106886
7643,839142.5237467098
7753,838533.9531809038
2047,837877.9963503634
9171,837733.9587649375
6755,836871.7963348578
9072,836420.2471014649
1150,836077.9457645513
1947,836068.8098281894
7666,835925.8609053168
7440,835895.2628518504
8669,835862.1958566954
8977,835706.0148803028
3236,835608.0246386745
8552,835381.2403899956
7887,835080.8889566044
5849,834858.6326770697
8739,834819.4492006132
1346,834576.9348732713
2147,833245.7364310634
7145,831909.824538309
3184,831623.6451546588
7871,831582.0694437689
9296,831354.3963736172
8871,830321.4616797917
9876,830073.8035105817
8818,829952.8807061287
2045,829266.1672874637
3768,829082.8974189016
8387,828878.0711038727
3463,828875.3346827911
7441,828359.4640057441
4480,828124.969856553
3549,827643.9400365808
6776,827061.4915516356
9258,826693.2282404511
4569,825752.0802658891
8560,825437.0929497393
8956,824396.8631164249
9169,824313.6488390598
7141,824013.1093088348
8638,823826.9175656333
3282,823777.1908095134
3182,823777.1908095134
6677,823773.4025247016
3183,823758.1611295711
6678,823559.2441519307
6778,823559.2441519307
6777,823559.2441519307
3354,823270.4780445442
3381,821979.0626088266
8179,820116.3676622636
7974,820055.7992187091
9770,819953.0714116615
7367,819461.4196496794
3380,818891.5551402724
3480,818849.5192273288
3481,818844.8145988897
3581,818553.7068756336
5479,818097.9909410814
7465,816504.1024440201
7873,816465.4386269369
7774,816465.4386269369
5579,816430.3515288564
7968,815494.5499204873
9951,814593.9915753544
9950,814570.0159374502
9949,814524.6309278308
9851,814427.3354700601
3538,814232.461763339
3135,813504.4031047509
8452,813248.9038882351
7773,812830.2904997482
7040,812601.5612108713
7766,812270.0710015389
3219,812056.260193166
7140,811973.794222214
4930,811872.0280022068
7692,811431.9509609039
9850,811421.1315455711
5778,811311.6628294719
7625,809870.8094060743
3283,809672.9240800746
1949,808188.577290058
3928,808109.624003086
4726,807936.757685618
3136,807846.857923507
5476,807435.6047021939
9076,806590.0703918824
9778,805650.8312201716
7992,804668.249320791
8568,804070.4249799133
7257,803748.7938340371
2337,803440.3594297019
5437,802800.4173774535
8639,802233.5559023358
8755,800602.3442106855
4467,800361.2939632034
7493,799876.1176085667
3973,799862.6896866197
6796,799524.3122301345
9771,799329.3627086538
7690,797838.0644747949
6255,796809.0102998735
8177,796524.7877398758
9777,796105.4709378935
4764,795527.4286326378
4230,795386.8576347374
3550,795086.3988560421
7556,794914.0085967917
3637,794168.5410553709
3580,793736.6533162269
2935,792020.8883370897
3671,790112.5857655444
7639,789167.6749652551
5074,789077.0286039346
5030,788515.2761768432
8740,788456.8706771312
8184,788142.0360501644
7161,787855.7674051154
7872,787310.8952287734
7839,787066.2620847003
7739,786919.6666938576
2144,786908.6262639697
9398,785488.4523147314
4768,785081.2765231327
7888,785064.3454748347
5679,784536.7016891431
8918,784386.1078724143
7358,783228.3075852308
3565,782848.3200715191
7746,782712.1595124131
9585,782062.9124701318
8735,781970.2370512659
9750,781969.3149170667
9095,781770.411037538
7874,780982.2981505385
4929,779984.2993461365
7174,779948.8785234229
7752,778853.1262240661
3566,778740.8049297808
4067,778470.6268185349
8738,778117.1607293641
7840,777117.110364827
7540,776758.5055745131
3974,776216.3795422887
7932,776123.4966266904
5648,775868.7315802957
8187,775846.2782548269
7080,775833.1589491523
1347,775741.4264393165
7160,775729.9928028459
8854,775644.9390195776
9496,775032.5933191662
4727,774696.2643544484
9297,774576.7839466779
3332,774289.4897262861
8953,773843.0665404329
4143,773716.5534678237
2654,773335.9510772525
7672,773279.3243589293
6948,773209.5805660866
3254,772931.7891682412
7353,772578.4932602694
2655,772551.2078628351
7244,772260.4324750389
8792,771945.5300513293
7126,771838.4733759862
7026,771838.4733759862
2934,771762.7317149005
7152,771493.6528476595
3117,771468.4225820854
7054,771382.491458242
4070,771222.5659133188
7740,771037.6327383623
8051,771001.7636827474
8590,770954.0355857011
7640,770612.0891338203
7226,770510.7713551387
9567,770470.3034131456
7227,770244.6011368103
3438,770062.1667331276
7541,769642.9017549312
9669,769515.1492852567
6947,768983.3292047711
9475,768780.2047296991
9066,768602.8664053647
7589,768303.8642434832
7931,767868.4943286871
8668,767763.2074249792
3930,767553.8246284584
3382,767014.2613679589
9376,766989.9370747479
9751,766652.845934997
8460,766462.1482035104
7047,765743.6829550837
8658,765443.8808421469
8718,765354.5351512553
7144,765151.1706415768
3828,764148.0409925102
8935,763853.7087249205
3548,763578.2293075582
8193,763552.270993195
7269,763455.232972401
8192,763344.6476081295
8092,762968.4368437475
4568,762843.4359156496
7815,762657.1457816465
9068,762593.1547476179
9275,762458.5508543667
7039,761836.1799359703
8093,761443.1696846582
8181,760252.1080915354
6356,759910.2442702267
8558,759788.4719277908
9582,759729.4084836633
5481,759673.4359698093
9067,759602.0802849237
8279,759431.3272463508
7772,758787.5273742934
7641,758332.835369868
8441,757958.7924440325
7393,757904.3329132271
5140,756876.854899621
7714,756752.0768272224
953,756261.7812717697
3927,755906.4065284638
8972,755826.3143789321
8459,755716.8027768179
5775,755566.10601459
9252,755158.6073273708
9470,755132.8756883155
1655,754366.2060141861
7171,754339.1206850825
3769,754234.6611670447
1755,754166.7396748019
9879,754125.0861237856
7127,753956.4575434184
9948,753862.0365703148
9888,753087.840485737
1756,753085.4623970255
3467,752853.293073514
9559,752552.0114305806
6885,752324.3998567092
4378,752147.4417559842
3975,752121.3394526542
1847,751618.3482058414
7139,751522.380138907
9196,751214.4613192902
9785,750602.6800166593
8442,750527.1826713205
8342,750280.1389042917
9474,750005.2298697316
9789,749963.3590208292
9280,748909.8326784908
9070,747954.3367895308
9149,747167.9468211572
9071,746172.2956959822
8242,745990.3879925365
4928,745726.3059698143
6297,745713.3532141153
9551,745616.2684868344
1856,745404.7518419875
3877,745185.2692231407
9180,745153.8807026591
7439,745023.2209755706
4280,743996.4827898924
9769,743969.2226338254
8070,743512.1054187668
3668,743164.3988470003
8520,743128.7814699239
6694,742767.1403330727
9552,741681.3714665138
8971,741471.2102478475
1246,740017.4865008893
5578,739844.4721705186
9052,739808.0650694288
9451,739653.6837405646
9651,739577.2608512188
9768,739535.791775918
9652,739412.5945899813
8243,739149.3509525157
8280,738872.0947424418
6879,738715.6733616496
7138,738695.1897787267
9452,738690.6730628576
9094,738648.0268253123
5673,738592.3346531658
9352,738571.6945777879
3729,738522.1260615843
5580,738517.7955631571
9351,738501.7845136479
5478,738348.4522145861
9668,738029.6290560466
4828,738014.467984699
3552,737802.626421422
5280,737303.8396535872
8379,737105.9444455873
8075,736680.6006760861
5879,736487.045328552
7355,736422.7018098851
8380,736122.993204463
7043,735685.1432180242
5066,735384.8406129507
3482,735332.791670647
8876,734666.7825310151
8892,731457.431048355
3632,731255.6604042817
3767,731196.1877050229
4044,730722.7233952994
7326,730717.096875133
9257,730693.2084582321
9870,730612.748884261
7956,730065.6431234333
9459,729940.7909963292
9677,729911.4330791645
7327,729140.6780237838
9281,729117.4501770883
850,728939.0162533941
8343,728562.8838552712
7857,728325.66789226
9869,727318.1927038627
9790,726663.0164435806
8657,725887.4126028385
5880,725742.7626485343
3827,725634.446299419
3084,725307.8224291797
3018,725007.4654151573
7993,724467.9239554708
9849,724034.8135108313
3662,723970.4189898999
7455,723162.4630585129
8094,722799.429355657
9381,722732.2891453904
7042,722635.0285767562
8863,722166.9432185219
3119,721253.9180705152
7027,720820.5195189518
4978,720237.301463161
8281,720085.5228347442
7545,720003.8158602739
2247,719608.535971796
8886,719300.3966708377
8640,719162.7963613295
8853,718186.5129401681
2345,717923.2274112855
8557,717907.2375968624
8487,717611.641929363
8951,717581.7325706101
4279,717453.7518843662
8194,717030.2374539905
8292,716351.5224538031
1855,716109.557135777
8885,715991.3183534156
4269,715316.6725361365
1656,715287.7351155628
8083,715272.3284453547
9653,714582.5995677685
5749,714567.6606021696
8152,713062.3148116326
9256,713011.978368668
1849,712708.0341655449
7425,712066.3996416633
5278,711558.3828625418
3451,710699.782933267
6648,710645.2715475378
3137,710346.0960923953
8079,710266.3794307424
3035,710256.7674137554
5748,710139.6739058814
7539,710036.2400787562
7565,710032.9902361714
9380,709128.3317603266
3384,709008.6726841308
7987,708509.2821751509
6654,708471.0629834986
4072,707865.2241318612
1654,707397.167278057
7984,707222.5133163391
7253,707170.7421327974
7258,706989.9033268754
9181,706969.7425227154
7747,706720.0933791266
7814,706363.4428447287
3085,706301.2918704975
6595,706067.4495585685
7273,705851.8184458339
7146,705368.0154125682
8553,705240.859643093
1946,705065.239563163
8112,704882.0983318468
2554,704359.1455616023
3034,704297.6088142031
9273,704057.8513595031
9156,703197.7678599224
3217,702957.1985090016
9080,702372.0568657899
4880,702189.0693131561
4566,702028.4689719608
9482,701836.3506604877
9690,701758.4942182294
3083,701304.7191703963
6478,700721.432802563
3134,700669.8658430651
3829,700562.2691275707
751,700211.2550773709
5240,699647.9976425604
2348,698860.0342307619
3945,698715.2030456422
8877,698578.2008240727
3286,698170.9936515179
4829,696970.2617455571
9096,696532.8082538273
3418,695821.0151021413
3318,695821.0151021413
9097,695155.3869796086
246,694912.3523592335
2438,694621.536968136
9155,694472.2586315502
4073,693960.9239918273
9272,693919.8043503325
9160,693629.8242465178
8836,692744.1951143615
3579,692396.2645716069
6980,691876.2444856679
3319,691243.1504049062
7674,690965.7134141783
3777,690620.9525405214
6748,690457.1715038292
9274,690238.4043721494
8997,690057.6495828489
9298,689973.2826803906
7180,689711.7892027948
9166,689692.5593068645
4769,689270.493830664
9359,688645.4606101562
9197,686862.4225805805
4841,686859.659750504
8651,686406.9919531993
8151,686315.9639873174
4133,685156.84553151
9081,684947.7576378327
5780,684636.4990368108
7673,684221.6281285106
3728,683560.8763592913
2586,683435.3212508084
8244,683391.141706408
8252,683281.5489593799
853,682778.8122573917
3835,682342.149333366
7786,681998.0569842753
3680,681718.059139709
2437,681392.2885669383
2933,681216.9313235276
9266,681208.9191372389
8891,680431.89490623
3331,680028.8375948082
9952,679925.9283438184
9357,679795.0492588752
8453,679647.7595342845
2485,679554.3397141102
9752,679445.9197265714
6767,679364.9888348107
2585,679098.0464097137
9761,678897.7434319541
6477,678715.1310938728
6981,678377.4646204441
8618,677940.6661155295
8144,677926.0484517445
5279,677884.9698876595
8143,677857.3572546899
7392,677757.9618250263
2631,677329.0257746533
9659,677051.2963389573
6398,677020.1513240078
3483,676454.2229003012
2632,676401.8370530313
9889,676064.1485808375
7460,675524.2022157146
8381,675501.2636783833
4666,675441.0014938875
8791,675362.3538517068
2486,675328.3293967511
7787,675314.3304301944
3780,674679.2944104694
3679,674679.2944104694
3778,674679.2944104694
3779,674679.2944104694
3678,674679.2944104694
8492,674486.8380870251
9082,674282.7287182614
7951,674096.9932072926
2248,673930.9777384928
4564,673724.5250566128
3383,673507.9335574942
9358,673304.3754945605
9558,673304.3754945605
9458,673304.3754945605
9457,673289.2829493686
9557,673275.2588602662
2555,673142.1992394304
8589,672988.5833056057
4425,672404.7102912358
8032,672318.906136716
7813,672269.8212627379
8031,672163.833300667
4879,672118.8579258005
5848,671856.3801304754
8111,671223.7023904612
4979,670653.6209035794
4281,670519.4681207659
1757,669664.9081376283
9890,668507.4584965975
8556,667861.2058466465
9776,667316.2847970236
9852,667202.9013664695
9056,666566.149938501
3379,666518.6977758087
3479,666503.1075832598
8458,666360.4413241067
3082,665958.1443225745
4728,665829.4377683846
3727,665519.4914769911
9182,665469.3522909333
7980,665465.7116934641
2732,665459.4408422516
9980,665076.6170405807
7933,665038.5753254332
8414,664908.6078284491
7723,664869.9646140081
9596,664521.8782374592
9595,664521.8782374592
9695,664521.8782374592
9696,664398.006318116
3944,664294.4357849444
8283,663757.1426202905
8611,663506.5313877148
7557,663425.133895596
8410,663423.5688378196
8510,663404.3749746731
8178,663138.6469688442
3572,662997.8988452341
8282,662978.5869930814
8521,662617.0500506517
7259,662579.1846601618
7025,662304.8359377768
9576,661506.4177695129
6455,661290.7515513286
4032,661267.9049437759
9553,661187.5805002294
9786,660496.3229908578
9658,660456.5197378855
7384,660244.9001667544
8966,660108.8752096309
8996,659932.0762804465
8383,659581.9741060637
8655,658958.9328836028
7638,658838.5344080308
9670,658794.4327006678
4579,658791.4105348953
8183,658537.8531254904
9650,658327.8561223205
8622,657554.8366702928
6994,657310.5495073417
3255,657142.7707419244
2731,657088.5280237724
8970,656966.0052318509
7368,656954.8931767495
8113,656942.8454118507
8081,656804.6823723644
2439,656697.8837164866
9486,656649.062410624
4377,656475.906227379
4277,656386.1598226902
9657,656154.359335192
8010,656118.6643137342
8155,655804.5410622235
4033,655574.8471679282
8511,655430.9700838064
954,655268.9116712327
3626,654907.652829391
8468,654796.9767600598
4988,654420.2886408963
3625,654351.3683891844
3878,654196.0278433721
7325,654191.5817321123
6298,653511.9197983397
9386,653449.3633612683
6979,653446.5495811293
7079,653446.5495811293
3431,652992.0681730624
8563,652759.1815276458
8352,652436.3197854758
8050,652371.9701274819
9762,652301.1953722135
9947,652029.8637946518
8033,651449.3115848462
2538,651371.8634069926
3486,650662.6728595721
3233,650590.3240223507
3879,650443.150487344
8991,650325.5194394904
3844,650172.1145308943
4741,650163.869159173
6780,649980.918462114
9682,649924.6049798474
9848,649814.2921644762
9276,649634.4888806591
2733,649413.4836087908
9300,649407.7329113563
5776,649258.4413960723
8182,648462.38268797
4165,648197.6278397394
2347,648164.3159513702
7642,647760.7746397775
6880,647372.7125149631
8145,647294.6083772131
8082,646384.7537762761
3458,645679.7236141054
6649,645572.9600043793
3880,645182.3281426281
5465,644927.0049938948
4278,644770.3262660592
8253,644739.5137161447
2239,644531.2934080521
7713,644182.6967399127
6995,644069.2086943062
9970,644031.1883975765
3638,643863.2185789058
9498,643413.3884926009
9481,642475.5934194914
1857,642432.4076576105
4065,642182.5202793585
6479,642031.637951859
9875,641411.267011912
3726,641038.9405544569
8785,640914.4293131585
7785,640675.505177683
2835,640501.4134923992
8419,640148.3000394637
8514,640083.6680675375
2537,639621.2751016766
7426,639565.7938233844
2539,639263.6456408036
6766,639176.3134323454
3220,639055.4976177047
1754,638532.0643496109
4031,636868.565613874
3677,636662.9501834018
7125,636404.9588509998
7847,635449.0231511551
7267,634802.8211591472
1652,634802.7700974374
7265,634705.7736713568
2833,634507.298885503
7268,634394.935556955
750,634273.4995612189
8786,634043.5409524261
3484,633961.6129707699
2244,633665.3865009272
8142,633408.7334205037
6596,633385.0530390759
7976,632935.5763107393
8087,632935.0634348731
3781,632772.6669318045
955,632686.1441091028
3732,632087.6545724825
7841,631554.0968010057
2089,631493.9462598682
2190,631493.9462598682
9375,631411.02148982
8030,631366.3072869532
8170,631057.4044540381
9597,631001.3478623109
4873,630899.3284957373
5649,630076.9962998797
7225,629932.8753555433
7893,629811.158778641
8044,629724.0794228794
2290,629678.9674032073
2584,628646.6069787346
9871,628518.7078485216
3485,627992.663728409
4830,627384.619310992
4038,627315.5743696138
9656,627245.1291833731
8341,627142.8355479433
7784,627016.5339092826
5674,626685.1110771758
4370,626210.3628158709
8753,625380.9583888961
3676,625270.1637141821
7168,624873.1350626734
3237,624390.7409519675
2189,624371.132255516
1552,624165.8162135915
866,624053.8752091132
2984,623639.5469095364
8955,623141.1510344812
865,622418.690120779
4939,622078.3015930202
8353,621922.5344727993
4328,621599.0777701358
8967,621502.6782297379
4469,621397.5394522443
950,621235.9808861199
4131,620589.1924765448
2587,620292.0944396111
7741,619967.3103927332
8515,619899.8343594278
9255,619749.655073099
3455,619622.2360223155
2834,619091.9269229914
2391,619062.238687313
7866,618715.0467579789
3320,618505.1985744337
8986,618467.303909932
3321,618062.6690537466
5180,617822.2665914247
9946,617315.6093372554
9760,617170.1720912502
3231,617100.7006547316
4667,616838.043608701
3464,616608.5329367467
1653,616385.2084183298
3836,615869.6705706693
8591,615817.4910499274
9861,615784.9261324339
9961,615784.9261324339
9860,615784.9261324339
9859,615784.9261324339
9759,615784.9261324339
9858,615784.9261324339
9758,615779.6311855452
9960,615664.1284145478
3367,615534.5616648706
8653,615275.0883559356
2291,615252.8652671842
7266,615231.0328455348
9550,615164.9227612806
9190,614897.8618661931
8689,614555.0092116068
7665,614518.7982012357
8555,613905.2555636686
6143,613810.8566286961
7324,613674.7674339868
9450,613417.2215993801
4046,612811.8921489082
4045,612811.8921489082
2985,612785.7909261271
4891,612064.1851920327
148,611662.2851393935
8777,611651.603354749
2090,611614.9846338076
9385,611492.1214724717
5777,611059.1450797238
3230,610827.2333671864
9756,610665.2570696019
2237,610388.9241810649
9857,610333.1413663103
4071,609703.7267393492
3881,609259.8814254095
6296,608780.0979486635
8789,608637.0965435231
9372,608372.8682998795
7675,608340.9521101591
8954,608268.5845742184
2653,608193.9780331821
2882,608083.4354957056
2981,608083.4354957056
2982,608083.4354957055
2983,608083.4354957055
7153,607812.5621954411
9350,607507.878717024
8443,607172.7140825319
9091,607109.7991814167
3681,605126.591546068
7169,605017.5725998272
5031,604990.5044778321
8314,604800.0360846979
8245,604129.3951699298
8985,603975.4680933751
4881,603808.1718313136
9456,603224.2262363168
8457,602536.182490315
4882,602491.6072564966
4883,602491.6072564966
4276,602072.9579609337
3120,602010.3411893318
9495,601488.531837075
9969,601304.0682664707
1260,601275.5181335199
8440,600890.7765186792
3833,600799.7368274139
9749,600674.383742815
8870,600426.1129007901
9959,600235.2240372014
9570,599721.3180059895
7365,599397.3586153021
8685,599191.1681931124
8793,598909.0878332675
9478,598602.4218138393
7722,598351.936500739
8654,598109.4739383442
9678,597969.5726617688
1055,597369.7057292041
5573,596891.878741272
752,596784.1050146809
8897,596660.3572150419
5944,596398.2081895407
2937,596299.9482922202
7765,595501.9743730088
3666,595338.0613243089
2884,595192.7886383671
9090,594423.7355028037
9757,594379.3164028897
5737,594334.9168873512
766,594277.0869486135
7445,594087.8187403763
3766,594087.159631479
2385,593944.417006316
3427,593725.6495484813
4074,593546.8136435129
7561,592860.4089499634
9054,592728.7035210561
3556,592677.7148473017
8790,592307.3824376035
2685,592164.8852570481
8311,591940.9383389277
7789,591900.834640372
9356,591887.409049654
7738,591574.924507432
8541,591371.816641287
2883,591062.241705189
9847,590922.2167770116
8992,590913.4849238851
9962,590836.7162252817
8637,590689.6562955236
3368,590688.9188933043
7882,590576.6340154387
9362,590519.0827994304
9581,590385.0817908453
9299,590156.5605121128
7983,590050.9160551059
2238,589987.92660038
7883,589877.2925557619
7982,589877.2925557619
8212,589787.0187331869
2755,589637.3456374453
3932,589436.3669280219
8612,589346.7567714741
3326,589336.746780452
8513,589251.1872147485
8211,589221.2425026139
5575,588780.1250333724
9365,588485.695938701
3281,588137.2373985368
9154,587998.5612456935
8293,587995.9914934229
4565,587932.3049621565
8754,587533.700945347
2786,587499.3268649753
3153,587334.9729327523
3628,587269.8958755325
9472,586537.4851983312
2686,586527.786039166
2886,586415.6269148915
2887,586328.7450532393
9573,585780.2887467736
5576,585284.6318684244
1555,584296.1801022087
3661,584241.7107725281
2986,584026.7010988308
8315,583952.8103119335
8978,583905.2096190421
7940,583895.7599856188
5526,583884.138122921
7783,583870.4500491009
8251,583856.2020054539
3547,583799.971856031
7775,583710.6586625351
3330,583611.9429771476
956,583367.4815183231
2785,583191.0340122279
5127,582939.6098706933
8420,582380.8437161719
9556,582353.1058656578
6318,582312.9463509853
4628,582102.5282502908
7364,582085.4881118883
9018,582005.2322807289
9775,581548.1845810807
2885,581348.9298595438
2787,581348.2780945986
4629,581299.044266092
8512,580925.598903075
4132,580655.9355199911
1684,580568.5228439966
9697,580508.9150668212
4980,580447.3569337273
3081,580017.2149120342
9189,580016.3845861224
8043,579968.1637673855
2832,579719.0401514813
4770,579563.1043220527
9055,579322.7248639507
9574,579058.1791872589
4381,579015.835981784
3232,578922.4556554494
8509,578623.0634802988
8409,578623.0634802988
7782,578586.5594928255
2734,578582.2515680369
3725,578372.554044832
8540,578321.7866005966
8382,577753.561566406
5625,577641.2067789633
9853,577488.5528692823
9755,577488.5528692823
9854,577488.5528692823
9955,577488.5528692823
9954,577488.5528692823
9953,577488.5528692823
8692,577423.4336224479
7626,577333.7104375188
9855,577330.4759876219
9990,577094.105071735
5676,576791.310078505
8990,576448.4316816253
5677,576187.1410873042
9399,575919.7442575336
9089,575843.3739117067
4884,575792.471090926
7084,575604.3760399837
4470,575568.6648622846
2638,575161.7194160204
4668,574930.2308036522
5626,574503.0670981782
8890,574099.4670461739
4376,574001.2459521414
8690,573924.5472019314
7950,573742.3378150772
9856,573606.4408740511
7306,573530.7825977807
9689,573521.2885046739
8415,573484.272600507
5126,572978.3004539092
8610,572967.7710667783
2687,572554.5714235267
8613,572281.1373907418
3770,572167.3638288464
2987,571776.8049277416
9471,571642.2221987916
8554,571599.8747931153
7461,571370.3757999238
7835,571136.4475610341
8310,571013.6249912234
8898,570981.1956579025
8585,570980.9156925445
8411,570898.9973646748
9671,570827.0292788802
6394,570740.2826482685
8760,570144.5341717358
8133,570136.4727351507
7935,570086.9407820286
7546,570065.9847687421
9200,569808.2786024696
8900,569785.6627495682
8899,569785.6627495682
3466,569533.6097266743
4477,569490.1727663666
5181,569328.2035738395
3931,569234.3376670679
3022,569221.057887988
3627,568940.0829698954
4782,568838.4640497533
8035,568775.6368019042
4776,568365.7852357307
5175,568197.3871744614
7934,568169.5557300592
7622,567850.546088729
7238,567639.8749252082
8023,567490.2627583136
3121,567192.1332923719
8799,567127.253977649
7936,566855.6170152639
9279,566777.8115365228
4578,566768.9104017802
8036,566366.9108016646
5365,566214.3965578668
8034,566020.1915861072
8869,565742.3475733298
1054,565264.1256107524
8995,565146.2695172668
3021,564989.7437199295
2888,564898.1317816679
3256,564639.9927592587
8998,564546.4507078299
8887,564360.2422204027
7473,564014.0428681236
9186,563788.928842077
9198,563783.0190430591
2639,563775.9909899293
2754,563199.2596649675
8539,562905.554872838
7744,562771.7078488173
8049,562361.9696170889
8351,562096.1047922617
3730,561500.8363309519
7981,561499.3171088487
9795,561374.1234962889
2057,561139.3574179037
3181,560292.9185993462
4441,560084.4447763585
2366,559706.8103579619
3834,559059.2232290677
7846,558838.1665284709
6179,558819.8661051536
9748,558789.6907616493
8936,558630.4598157158
9290,558289.6655309662
6494,558249.2181786606
6594,558109.244729266
6393,558104.2865274381
6493,558104.2865274381
3357,557944.4070641373
6593,557755.8822778664
9753,557753.3657837738
9086,557018.9610934816
8678,556820.7749580852
5226,556689.2007644306
3669,556495.6846172318
7170,556453.249777445
5281,556450.3935016847
3639,556399.6082791326
9387,556106.2359241256
5675,555911.2016397257
9945,555542.8845030373
5637,555331.7002142472
8195,555196.8883408374
7373,554483.7525160803
8502,554361.6015143896
8893,553998.6230647393
3221,553945.1625908344
9259,553757.694685141
146,553446.3903104061
2656,553278.6419958161
9754,553170.986448586
5678,553028.946566487
2386,552424.1379782015
6218,551914.4124885452
3933,551777.921377629
1584,551699.0065574648
7662,551565.3316511787
9598,551289.1914749324
9698,551227.5305126105
8769,551022.9558684938
7838,550726.8116269549
3154,550571.8312697886
9473,550503.3602289784
9989,550386.6597777689
8884,549984.8671200693
9463,549204.8093884856
7560,548801.7516162475
1553,548406.4216601283
3355,547960.2419469275
9788,547786.9822014997
9975,547489.5060372117
3017,547456.1481910021
7256,547387.6192094899
3426,547367.6522334209
5574,547251.7139579428
3670,546987.3319487401
3832,546698.667915711
9051,546264.7028247903
9277,545903.5862548037
8344,545382.4986682818
9382,544802.2567904167
9846,544564.668905797
6293,544460.4970440748
9098,544346.3710962554
8994,543932.1575823767
8894,543932.1575823767
9199,543286.1805497118
9747,543161.6371182072
2340,543148.8678486161
7661,543036.3751176602
7488,542989.4887254776
8686,542917.2956508189
8794,542894.220259531
4330,542500.6903461905
6554,542484.3366106828
8132,541709.7674049049
3528,541670.8342100229
1753,541173.7482418404
5577,540669.6718184404
8989,540431.3866495703
9000,540320.3345552575
7743,539448.7293062606
7939,539073.052347383
5443,538512.37913347
7742,538421.0321149959
8439,538358.0533527777
4641,538138.1125163912
6317,538106.3175098813
8895,537907.1064989445
2637,537820.4637514558
9487,537280.6522182942
3570,536926.7099357208
1752,536762.1358107481
2738,536688.7842892819
8934,536589.2375989751
8542,536564.318512361
7494,536403.771385387
2784,536372.9340251415
3629,536300.1517166914
9400,536080.5875989426
7394,535869.3234898426
8161,535414.2198346811
4563,535279.1441116015
8416,535259.5964035223
6043,534897.5573072075
7842,534733.843462206
8588,534590.196781115
8722,534553.2761723959
9699,534514.296532308
9958,534477.0190132015
3830,533993.2207128911
4665,533935.6540008947
2737,533741.8126057023
5080,533093.1241704796
4729,532852.285534557
8933,532841.8939592646
4682,532825.693419284
8069,532038.0390366756
8839,531986.3692149903
1452,531916.0156453731
2048,531623.9285835465
8999,531480.4376423485
7224,531197.011616348
7865,531173.1164668668
5541,530881.0460553222
8134,530734.065323905
8614,530720.2324356916
1351,530532.1497029031
3573,530449.481352791
7745,530292.6387617826
9691,530195.2346127927
2788,529913.069054125
2684,529656.348658511
9746,529363.503359063
1254,529273.6527726777
9956,529250.7782989384
7922,528874.063738963
7836,528813.7379169815
3831,528422.5498846099
8840,528284.9217301877
8538,528278.8480278765
8888,528094.8716432806
9453,528049.5454724871
8896,527558.2999120797
4840,527331.8496974282
7588,527149.058012205
7689,527035.4504426453
3356,526848.0613744115
2191,526750.7300820692
346,526703.7513905388
7788,526326.4308728516
3529,526321.0970497675
5943,526291.6493020065
8921,526071.8867811774
767,526012.3934728877
8417,525772.9854264214
2782,525536.85410977
3470,525400.5485247475
8795,525387.0998361999
8261,525264.490322915
8833,525223.7231790725
8537,525133.7783794884
8602,524939.8661981825
2889,524659.0265322606
9100,524642.2216873902
7228,524604.2739944592
6586,524590.9271335466
7385,524527.4316308512
4567,524324.1255486165
8932,524188.44440841663
5130,524160.1719539387
854,524011.1771581658
9099,523286.2918759866
9249,523067.0163279021
5078,523064.3486596402
7688,522930.5942104641
9282,522738.409541511
3571,522649.4831847012
8516,522352.2380612832
8337,522318.8701329605
3020,522304.19427646697
4225,522211.5156448658
8162,522128.47558869125
2630,521887.31590791524
8437,521538.0188937884
3667,521283.50589138886
6585,521080.0774046413
4781,521006.39529396564
1056,520967.55021616333
7693,520882.9925926866
8438,520758.74685604655
6686,520495.1708155323
5979,520430.0561657179
8889,520327.1095606038
8968,520267.7348976442
9085,520259.8840615419
8045,519584.74896557664
8551,518946.7837968391
8338,518799.85568107205
9783,518750.63730503095
7966,518671.4741692918
9119,518520.4112673806
9179,517812.8709098936
7587,517783.5376455059
8340,517586.6219812472
2440,517063.4282764003
3562,516768.57349357667
3569,516188.60970536567
5225,516073.7864534999
7687,515506.4129518057
8339,515368.572222156
8461,514721.5585818385
9676,514602.3625579572
6926,514465.83717760723
4876,514436.0455853098
849,514426.1788655205
7843,514314.16505300865
8486,514307.63360074215
5128,514012.7616726965
4663,513985.14124361024
8518,513919.6060506665
7250,513789.0634728598
8316,513396.27640961297
5799,513213.55778096453
5699,513093.5035703826
5698,513043.56075057713
9779,513023.6696730517
6418,512746.94985411665
2688,512217.3959963718
4872,512178.64820403105
3038,511842.1568803484
8950,511294.4659467112
9957,511157.4304044039
2836,511012.2412419121
9286,510690.5285048243
2285,510542.864069676
8210,510481.51578411955
7573,509736.5777876613
1797,509551.6690653788
7574,509525.8513978053
5700,509415.74569152645
8800,509084.62619706086
5179,508657.2451452792
7735,508270.7786159978
8988,508241.1724320795
8981,508157.080280802
867,507947.2214747409
9185,507884.3738435525
1943,507852.26454026054
2044,507852.26454026054
1842,507852.26454026054
1942,507852.26454026054
4167,507365.01096901065
2390,506748.115233109
8262,506676.9869656431
7851,506560.1296836242
3322,506446.26585213206
6466,506021.1730042833
2088,505901.9719334812
7038,505768.80700120743
9020,505435.3628260451
5474,505059.9096484216
8386,505035.84604410554
6592,504683.3702026682
2043,504599.2464193316
4327,504261.4265304644
8160,504075.3298625695
7832,503937.02099211817
8788,503880.5404943259
8163,503716.60206289164
9069,503477.5597858248
7762,503124.1415904435
8309,503118.04277047934
2640,502840.54191795323
1153,502822.6513141583
2633,502248.253072069
9981,502165.79987486504
1146,502043.3405618924
8286,502007.13408324483
3325,502000.95872102067
5125,501867.7993089473
5382,501814.8995838561
3582,501622.91277485085
855,501607.3850502136
3358,501595.4688702151
8042,501569.65182034665
1748,501356.71909058845
5680,500879.0409264748
7937,500820.23350579524
4481,500362.9921816305
7260,500138.7478353696
7406,500076.1999628948
2540,500018.4819948352
4240,499829.6048475929
7328,499696.85274006287
8312,499521.58538163337
7636,499309.9970329031
8110,499267.8211769412
3138,499092.28461652214
3139,499092.28461652214
8013,498941.31979072496
7179,498656.74371181504
7938,498516.396400158
6319,498106.3974890592
8037,498028.6881456262
2491,497116.31568276195
8454,496888.38224363176
2484,496487.6713751007
2837,496023.26093457703
8462,495947.2029853845
4992,495676.2159632081
9772,495555.88939151756
8787,495342.6881538846
7186,495334.20786010375
9681,495165.58244160615
1796,495132.155623086
1854,495130.84255411994
6655,495012.5841277745
1989,494914.9642383902
7875,494852.7221156251
8108,494332.34150277765
3465,494281.9254137265
3033,494247.89154152817
8109,494240.33523235656
1641,494130.9470951065
7834,494049.4779228319
7049,493882.29057221045
4239,493677.5002676789
4670,493643.63025759236
1350,493613.92801892315
5899,493509.16636986943
8993,493387.0134532999
9920,493325.3961434535
8209,492422.3783948787
9575,492383.27697512717
7850,492272.4747418557
8691,492183.1615701044
9053,492159.79934797535
8931,492018.6908463965
1795,491917.78663934465
5525,491823.2203508257
9378,491669.4158713809
7147,491494.2678638221
9191,491427.4228340073
5276,491345.85714024137
1956,491175.457304348
7635,491159.7084962118
9088,491086.6905231914
8217,491055.806498178
2736,490985.0730938033
7637,490842.85095657053
5636,490706.0862704432
3258,490513.9536266021
8831,490423.32131446153
5230,490139.22096285305
8451,490080.10190160736
7737,490053.1030825867
9153,489522.1137288535
9289,489181.87175122445
2541,488727.5315086939
8241,488220.8590898668
8022,488100.57664411445
9862,487699.9310035497
9891,487520.51712170296
7338,487506.2654233048
8284,487297.80671655916
8141,487275.24971221574
1647,487157.3374669642
1747,487157.3374669642
8830,487008.7168484297
5079,486760.2059060366
7750,486737.6658369703
8641,486630.97367230325
5800,486550.04007736815
7449,486470.4404305938
4429,486411.84031216975
4738,486247.24768724013
6696,486110.8593642679
8688,486017.48147435515
1349,485828.3981627184
7793,485690.96154272155
4141,485618.80008851434
9655,485321.81577698595
755,485106.9179097092
3350,484991.2480668719
2284,484454.3346764295
7837,484309.10133581405
6219,484286.32745905995
3419,484154.3730820882
7048,483968.80213922495
8517,483771.3962124033
4426,483571.92476684117
5229,483480.2140514228
7736,483258.6457266607
3423,483161.1853367948
8137,482824.4412524803
8038,482733.1831213145
2384,482369.5119074381
3472,482309.0304368037
9782,482170.94980786316
4140,482143.71311627876
8041,481963.28371779324
8240,481907.7260634126
4166,481875.98579358956
7350,481740.39381639194
6787,481703.7878013358
2531,481693.87949866545
8736,481207.03517023055
2349,480965.39263324894
3428,480899.85321720847
2783,480790.1934110303
7245,480554.3035856027
7650,480433.6798701139
2487,480152.0272448488
8592,479956.9139459243
3422,479803.0132436923
2683,479716.1800409709
8418,479587.7628392124
2682,479580.86217580683
7223,479346.1781260222
1696,479325.90027653385
2756,479286.03156699706
2857,479182.404756476
2757,479182.404756476
9021,478061.6221077582
9220,478060.57417071925
9121,478060.57417071925
9221,478060.57417071925
9120,478060.57417071925
9122,478014.5726360088
9320,477934.7433274841
7751,477879.0678419494
7941,477646.3081025631
3257,477635.1623097166
7279,477629.4158335824
8358,477273.7763239987
9219,477183.88435162214
9319,476782.4304091998
3471,476775.9931801789
7359,476731.4060455131
2758,476605.0217016853
4582,476091.9707031627
9465,476024.11347663874
3738,475947.3241321953
8237,475934.7943310901
3019,475855.93504000624
8239,475772.84655120224
9265,475571.3172378063
1853,475569.79064058413
7967,475511.53738386254
9087,475319.71457523125
3140,475201.2950169922
4340,475149.25554151955
7178,475084.66161655495
8731,474984.764163757
3724,474637.5706097658
6693,474633.18154039455
7549,474444.7917290181
3456,474398.54196497385
3130,474229.61137103697
9321,474030.61720717564
8384,473822.45956055314
1554,473215.59712144535
9787,473204.47253268247
856,472974.6558638749
9285,472871.3605085738
2148,472848.15966032684
6492,472309.9589537227
9868,472198.2186301383
9261,472180.27580657013
5798,472001.0925136862
7912,471884.56157336925
2858,471810.2593236728
1050,471796.449826865
7356,471656.6868896263
7763,471128.8060960813
8317,470740.14009877574
9278,470585.6973735679
7538,470381.3034394725
2919,470248.14225933905
2789,470121.0335698795
1697,469778.4214528793
9035,469731.9704283019
8039,469669.0277729049
6392,469514.57765172474
8667,469494.2117331752
8750,469486.55845531885
9193,469451.67228886834
8140,469074.02670621796
7804,468965.47708590527
6294,468621.2359344738
7285,468595.82091802725
9165,468595.4313471631
2289,468249.1744549197
7965,468147.6268956089
6893,468074.7027716557
2856,467934.68810811336
965,467829.50666637474
3837,467593.43829113344
4142,467380.87352544
9254,467191.9143021841
9571,467104.2620041135
9036,466936.8462237563
9037,466576.24120071053
2730,466435.08774228394
9364,466372.52044782264
4043,466088.18944438244
7417,465938.3460014139
6295,465870.74091200705
8138,465827.0354508297
5028,465764.09020674776
8213,465727.8027125707
8008,465694.5522551309
1259,465691.07169795345
7949,465609.51968932094
3527,465281.5883262538
7594,465243.6687762979
8456,465208.9396633163
3131,464968.14098445623
1794,464925.7043590504
3578,464922.0514719192
6099,464098.08759288985
6199,464098.08759288985
6100,464098.08759288985
5999,464098.08759288985
7930,463895.2721200688
1742,463755.7771939282
7942,463753.28666451195
9590,463651.9461597268
3155,463549.69862417795
8413,463434.90703563974
7105,463181.7012772261
7104,463181.7012772261
7005,463181.7012772261
9420,463159.3262815275
1348,463031.9745967808
5319,463021.19116376597
6906,462990.8937435428
6098,462954.22919271624
6555,462787.7722646669
8040,462782.28491859906
3462,462580.74759480223
8650,462415.42787551275
9845,462287.41108863434
3539,462086.59356490534
3429,461998.32628996996
7205,461766.9252058181
5980,461585.57422113384
7831,461483.8096651073
2188,461435.98905795894
9050,461389.18934980186
8930,461350.5028791084
5320,461247.66234990105
4241,461159.1743700027
8009,461130.36797143525
9694,460979.71611359844
8987,460969.31096489343
8139,460943.65179416817
9982,460531.62727164116
3731,460210.57143214386
7006,460172.0463939094
9253,459714.21752709115
7106,459358.6216772944
7379,459113.6006411252
6200,459111.55836227746
6985,458897.1211994543
3323,458889.35661048326
8861,458690.1418195697
7526,458648.2346091658
9464,458630.56467809237
8832,458553.0845312278
3469,458502.0875625209
9983,458460.6522404841
9685,458236.8758308597
1897,458000.3414001775
9791,457795.5011475269
8860,457715.62110971264
9379,457595.1742024437
9034,457374.22954739275
3366,457369.062184052
3365,457369.062184052
3364,457369.062184052
4181,456796.5861890701
9394,456762.7277686525
1953,456665.6681752752
8536,456312.66545827664
1852,456023.55937671236
9222,455837.8641340092
3526,455776.6996822937
3351,455688.25768403953
3122,455664.9950862097
3252,455408.5259554525
4170,455346.5526503842
4180,455181.3379949971
3186,454947.10339045635
8550,454568.4789878198
9049,454444.1226486021
8007,454284.2294565737
3086,454283.77317336923
3976,454213.84672861896
5419,454154.8246024842
8543,454134.4899353064
8014,454037.32811060565
7550,453414.456705973
2957,453381.1268566106
7450,453343.0238460585
7911,453308.6641332438
8949,453230.06979752425
9218,453144.78723840485
6198,452914.49351844547
8136,452604.9064922231
8238,452513.5665513172
7562,452485.6300499078
9262,452276.7793038249
9591,452139.0424464783
4236,451939.80947051046
5473,451828.9092605485
1453,451777.2332200412
5725,451393.11822372983
1884,451320.31480007456
8114,451071.62944711244
7204,451061.70596203743
7979,451008.21868786105
7407,451004.7263812746
8146,450982.486494684
7517,450842.6598397443
2589,450821.95250478067
2590,450821.95250478067
2588,450757.12288847304
9363,450593.7666512305
2249,450495.3544388157
1170,450333.469723519
8712,450172.100562267
9773,449936.2777370547
9683,449920.7604416718
6000,449838.44918332156
2690,449767.96708745393
1248,449594.1705869939
7547,449576.62625909323
4182,449548.05576552363
4042,449496.07895363297
3056,449491.8582531858
3057,449491.8582531858
3157,449491.8582531858
3156,449491.8582531858
9675,449466.75149282906
3523,449436.5013955988
8937,448999.36261012085
8313,448973.4091283308
7914,448792.47417932976
3746,448521.3513084422
5482,448393.55176975986
4529,448293.90390921937
7548,447931.4121911934
8385,447618.85475816764
1070,447140.46626559435
7943,447123.70590950665
2492,446979.3365016972
5228,446953.03032339184
4541,446809.69216339506
3826,446792.55090047704
7559,446654.99641235685
8359,446223.0006926074
8216,445528.75891652587
2689,445528.5054549452
5477,445497.05610934825
9684,445208.47013429913
3825,445194.84276209987
5029,444488.6929752546
9488,444483.81082555995
9563,444451.6985743413
3496,443754.3046425891
4825,443527.0025210673
3222,443480.46816561994
5335,443371.00189633644
4638,443365.04613327445
6597,443122.3110006008
7131,442947.2678933153
3567,442845.74692005746
8687,442783.92152854416
7004,442657.9412761338
3824,442158.5697198422
2881,441999.4717194659
3459,441920.7672509991
9774,441411.1721748177
9688,441393.9313642224
8214,441230.02592728304
3450,441040.146688288
2956,440768.6095544201
3457,439620.20208904287
7274,439482.8992009756
9594,439372.8453094175
8268,439367.12846789544
4082,438945.97227804887
8066,438587.816567547
6986,438363.69187556225
7487,438341.07883554476
2831,438294.06418858364
2591,438270.3876486426
3238,438188.9108821526
4681,438147.71727849933
7345,437787.26704185555
7663,437758.86086624564
7864,437735.1561423449
9796,437595.9843620229
7812,437577.62755609135
448,437564.53042354743
3058,437413.1253370685
2553,437410.57082327426
3624,437315.64186323556
9599,437136.7044871434
7446,437082.51770780963
4540,436961.77411020314
2346,436863.4952457461
5418,436830.1177783343
4440,436700.32729091175
3363,436425.39076051663
8345,436298.88710451545
6079,436187.3270431686
4780,436168.3225599378
9572,436151.27604947827
6080,436071.0547620069
6081,436055.19194791495
3685,435855.110946052
5881,435530.92022214504
9176,435129.3831164426
4627,434977.46909859305
5334,434969.0829429153
9673,434780.62725530204
9925,434593.56483570737
1955,434552.1113468959
7275,434480.5312977025
3133,434348.16338653525
7910,434346.87951225555
964,434339.38881676417
1648,434288.35642741737
8450,434236.9310715394
2838,434190.3503438017
49,434177.7109091483
9038,433720.314622358
966,433716.39652687096
8318,433715.1125691499
8837,433433.44108221855
3158,433193.98852972814
1952,433187.2892515778
9455,433117.99843749765
1071,433093.5779284784
7764,432990.3126909234
9880,432866.7928153864
6634,432734.1792968883
7909,432332.7279039601
7908,432332.7279039601
7809,432312.1673289249
8230,432246.3592501216
7029,432099.1329637043
3495,431826.23793399247
9672,431729.44513648807
1883,431553.5134181098
7185,431497.5297247314
8361,431492.67146407074
6786,431476.36612880504
3239,431470.2627104605
7130,431354.14088539337
2240,431267.208787563
9781,431171.2099698129
2958,430866.9532197673
3097,430823.6229016324
3396,430823.6229016324
3395,430823.6229016324
2998,430823.6229016324
3295,430823.6229016324
3296,430823.6229016324
2898,430823.6229016324
2897,430823.6229016324
3196,430823.6229016324
2997,430823.6229016324
3098,430818.85284239677
3397,430727.0449874601
4081,430705.2821254229
8730,430658.44818997313
3195,430444.738101926
8737,430228.66650377563
7418,430218.8119982034
9991,430087.3172361099
7129,430019.19897958136
3394,429974.76884811267
1064,429772.56458855513
7128,429706.38946947834
7028,429706.38946947834
4722,429700.2003844817
4721,429700.2003844817
9137,429378.74696230225
6687,428978.9766925356
7975,428933.09795720875
9187,428798.51087719173
9924,428789.838427427
7904,428717.2126917494
8695,428700.2171212236
7388,428531.12401976716
7816,428447.8882342104
8463,427994.787109403
3055,427769.5239798791
9048,427465.24945326336
2490,426967.62462721736
1885,426855.5025434934
9373,426545.9421894173
4339,426358.1836764594
7977,426344.87872214423
9882,426332.50652418623
1957,426069.8709251531
8798,425985.70559816924
8796,425920.6673893578
2735,425878.2463095865
6793,425818.8310123015
3198,425788.4295084968
4075,425710.3771914304
6692,425556.848944814
3623,425516.61031150864
9079,425501.7393434244
6791,425350.72322092805
6892,425350.72322092805
6792,425350.72322092805
6891,425342.8689540707
8158,425173.0745887615
8078,424870.5475282759
1894,424697.3747977718
8464,424590.733629695
4242,424558.4338534089
8167,424466.32545236585
2042,424407.6241091393
6807,424070.54974320944
9389,423980.5041019685
7957,423920.9839662388
7808,423873.0471597181
8077,423854.2721572375
1954,423847.0934412941
8257,423797.68114782235
8567,423617.1631723369
3568,423514.29372400325
9293,423500.36477000144
7709,423326.22077412007
1164,423299.06495489104
9192,423081.83730399515
9322,422953.14685251156
4783,422843.56143750483
2149,422653.5299132449
2049,422614.44424060086
9588,422447.9426189494
8617,422390.5588874424
7317,422385.41371931636
3823,422222.53405472066
9138,422205.214246376
9177,422005.2746015882
4581,421959.4381692056
6927,421672.5252903697
3099,421590.59341163095
4621,421580.11591466353
8260,421480.96079476754
7648,421476.29531508166
3424,421189.9657074411
2938,420815.2407330955
3197,420703.03435558785
8479,420615.20842995675
2489,420586.7406437464
2441,420582.31668506976
1454,420228.2190693884
9118,420225.9655173864
8362,420200.6908546824
7761,420148.4694397977
8480,420015.14029725344
7474,419989.4073023674
967,419953.44951805216
8068,419898.6580660597
8150,419828.35734813137
1646,419557.4284168974
9183,419170.9895092551
3596,418791.86776856834
5599,418764.1718188578
3096,418361.2643706905
8067,418268.64449890034
7881,418018.8785886306
8233,417833.01562653156
9092,417676.45210749545
7349,417671.7637850379
1047,417359.8769728167
7978,417323.36023909657
1165,417244.99438465625
9263,417161.63013650087
4526,417003.7064836959
3943,416934.7975618055
1695,416896.6401787645
6907,416713.33005448227
2988,416591.1956274802
9264,416445.84075262386
5224,416077.04768681613
9292,416048.49038342846
6680,416007.5947057849
9874,415956.1859716797
7237,415900.66107673536
4172,415822.09054975526
4822,415561.2438305824
6194,415537.6791297812
7181,415274.0299654241
5131,415211.96874332224
9419,415080.82988928386
8157,414842.34416907275
9188,414820.3780510962
1784,414747.45706348424
7907,414288.76564401586
1252,414247.0926981361
9291,414241.7876317647
9390,414236.9990038474
4482,414208.9677291803
8057,413968.7061902032
8056,413968.7061902032
8246,413865.66458865436
6533,413428.4749720447
3631,413341.3056476913
9799,413293.44858786924
4821,413226.4512614489
5981,413194.9144251426
7536,413068.91256405
4723,413017.99604669237
7124,412987.6085548602
3982,412945.87357540836
3630,412905.1942889579
7024,412891.32969781925
2899,412850.2482186297
5025,412701.13371056184
5600,412681.29337414476
2286,412672.7525351396
2932,412574.123606947
9883,412523.23744174617
7346,412360.5776428694
8544,412332.89549092035
9700,412311.05626913515
3696,412250.1585957124
6691,412155.93834865896
8258,412107.9737274321
6785,412044.63142726425
7413,411998.33359426045
4177,411837.5741206499
3926,411807.30955478176
7206,411778.0316795079
1058,411673.80960437615
3032,411257.3812311673
1950,410794.36794452544
8294,410635.174457551
7708,410545.9957485669
7246,410540.6880963943
3449,410499.7390097143
3421,410482.4105889744
1253,410476.47976394015
9093,410474.9224728795
6685,410285.5773556355
3843,410271.46923245356
7807,410149.477464702
1551,410137.14829120005
7707,410067.8314244239
7706,410067.8314244239
7906,410067.8314244239
7806,410067.8314244239
2753,409973.04748917045
868,409810.7871645057
1447,409458.8140090488
5627,409414.64187593124
754,409393.35715059296
7447,409149.20496784087
9077,409083.5955755787
9968,408964.4534546649
2641,408891.05845821986
7252,408774.7531156107
2896,408487.53536905727
4981,408465.3314916554
5088,408447.95500153385
3468,408092.72132835264
4974,407867.9077288037
4739,407427.55902537657
8360,407364.57463306806
6300,407164.75410888647
8285,407103.75903895916
4725,407054.6812245225
9944,406810.24049337243
8208,406802.9258765573
3297,406760.48405983235
7915,406638.1131563247
7280,406483.72051855375
1158,406300.39187451446
5178,405828.3362547192
8232,405827.1472629945
9083,405514.7173985699
7357,405476.0880636457
7537,405275.21371436014
1057,405189.28933793097
5081,405151.5051355656
650,405137.8929214154
3359,405008.83391421166
5440,404898.9004622894
3199,404800.2659964147
3294,404431.74681845756
1694,404149.80362948234
8156,404111.2565134336
7416,404107.749596751
8642,403930.64187364274
2488,403788.6231722254
6243,403635.1948482721
9355,403563.8203356827
9492,403558.3708605319
7229,403555.7282482915
6196,403262.8223677309
6197,403262.8223677309
6096,403097.5846012348
6195,403095.94643865235
9654,403080.82898968604
968,402970.219987714
1065,402855.7235391907
1066,402743.070330856
7318,402732.441086451
7721,402619.03227665764
8357,402550.7527831065
5639,402471.99445262155
8095,402375.3671739141
4066,402296.8063640484
7360,402091.92850587127
3525,402070.44545017276
8058,402055.05931285466
8982,401809.8861964354
7946,401769.3898149141
4740,401716.50719535415
2999,401626.6799660566
9586,401455.752612502
1354,401262.4221570755
7810,401238.3638155741
6905,401108.74614819256
5581,400802.43053902715
3039,400612.7663520919
8412,400323.9652027363
5736,399700.4361602404
4580,399598.19362490403
7607,399484.5232257997
7305,399469.7833077176
8135,399456.70712942426
2931,399446.09102633037
4282,399357.5016858974
8168,399222.8891815015
3925,399165.6564733804
8938,399133.33377420565
4428,399119.92198548175
9392,399059.97739085555
9745,399044.93198750017
7876,398684.086848732
2583,398361.2299482774
3583,398302.59183026705
8485,398143.4936491096
9593,398119.69513528596
9493,398055.3501450632
9491,397811.24726480385
7921,397615.7954863293
7947,397539.6631281836
7438,397525.7163818327
9667,397334.1770964061
7437,397288.4462243173
7448,396779.82103130704
8444,396559.7486430851
4476,396480.49992866063
5077,396412.928357471
4677,396215.97643908096
2989,396058.5539641585
7123,395929.43863547157
5527,395644.9725775025
8684,395644.2434675762
9592,395581.293532811
4183,395272.9232370634
5235,394914.0109641407
5124,394828.45161960094
9388,394754.33794975135
8483,394675.3677972927
957,394671.8465760394
9287,394419.1262616687
9288,394406.828656712
8980,394211.81326870754
5740,394151.99818345
2185,394014.1989358785
8107,393841.3841456911
2184,393740.90167465876
5227,393720.80826055084
6217,393513.3431163637
4171,392980.59703659534
5420,392891.5002804307
3095,392781.9576999984
753,392626.0087972695
5325,392582.46294842055
8465,392500.4250719649
2739,392438.62755141786
9391,392419.8493789092
7805,392355.62556692277
7436,392321.7346627254
7337,391493.16315793106
9164,391478.8118212999
8259,391270.1507190696
6097,390677.8887306595
8829,390609.0841690432
1171,390521.5905629864
8159,390347.4072107535
8694,390194.78858963214
8693,390124.5594564467
8231,389901.56027990207
4639,389869.2212796207
7336,389726.32980101154
9494,389603.94700130326
7705,389507.3676694374
5318,389489.3755948339
1547,389460.5878807028
7479,389248.8226342358
3934,389092.2565652726
8263,389091.55233420344
8215,389085.9440828771
5219,388843.58618868975
8587,388714.5301479792
7920,388607.4029965921
7323,388475.1796450488
8741,387977.2102860191
8117,387940.27360912785
1157,387916.56603915594
8346,387866.78981356084
1984,387824.9936443169
3695,387520.81613748264
3387,387244.7778199252
8331,387155.2130701754
4521,387104.65655220085
8332,387014.55738365836
9260,386983.7038555543
3425,386837.78937453637
2830,386767.03062737075
8347,386672.4528683753
8247,386188.2797896949
3981,386036.3092929675
7411,386025.93250409636
9030,385994.947544615
6698,385981.94711352553
3216,385831.0877763568
8493,385592.6490154729
6697,385552.2943965948
3497,385538.46898539906
8593,385384.6140618686
8643,385109.60467051476
5998,384899.246251578
7203,384812.8667986742
9490,384651.0510530187
1896,384633.8168053826
5100,384363.7034813279
8838,384352.78992199316
8586,384091.7165914829
2387,384038.15135093016
3226,384032.361955371
9587,383934.49356434005
9178,383922.25360842113
3489,383898.3188958866
9555,383699.5461804123
9022,383322.8912074451
5199,383224.54683781444
1785,383130.8041567176
4640,383068.6786715856
3524,382750.40354009
1685,382622.8593538417
1249,382565.0934499773
9687,382562.38269847736
7606,382330.08345743915
9873,382201.9779953753
8644,382198.5182248836
6180,381867.4436754817
7361,381792.701338708
9589,381772.4550720502
8321,381644.1802998326
9767,381588.4726247339
7412,381570.0625476825
6380,381522.0930772242
847,381430.8657971624
8021,381172.0675326923
7905,380983.66283722175
5200,380964.88025071024
1783,380892.7359070581
8046,380814.00918751035
2143,380624.3090393763
4471,380512.4743210101
2855,380302.1723515573
2930,380278.90635014145
2389,379936.8933829537
949,379825.6195432401
1451,379427.59783973044
8062,379321.77994327206
2287,379312.8857618453
2388,379312.8857618453
2288,379312.8857618453
4921,379188.93448020867
4920,379177.3472322302
9971,379095.4267221844
3488,378989.016121146
5099,378960.5600950669
3595,378935.1006198317
8348,378928.8934162353
8701,378485.85425123066
8365,378297.643505785
8742,378284.33959644905
3132,378243.2509824565
3031,378069.573199557
2542,377873.5256023262
4622,377691.268906945
2153,377629.4679470823
1258,377595.2862825625
3369,377479.07887767116
2053,377148.508940013
8634,377141.0232477512
9674,376935.38337849244
4178,376883.46131329006
2054,376876.82463153027
8615,376730.9176759677
9123,376719.0008024249
1990,376636.2207776807
7307,376427.16872095736
2582,376081.38335358014
9642,375917.4288740421
6095,375716.8858989479
3522,375668.92524950637
4919,375507.6358562459
8248,375259.6230564559
4382,375216.2084863687
8198,375216.04001211026
9393,375144.3382513351
8449,375075.559315625
7511,375040.0282423959
7913,374937.98879659106
8393,374668.4582336912
7916,374584.77745270455
8850,374502.63747571706
9163,374456.92889830755
3584,374453.3767491433
3152,374377.05183019023
8594,374280.714101114
2050,374254.2667083476
3560,374103.6556911032
4577,374049.088210407
9686,373990.2432228756
3984,373660.13070733746
8445,373377.4627044417
3298,373335.784069475
5234,373200.76430592267
8545,372740.4002529093
4839,372722.4573953148
7459,372531.52808042563
1450,372436.7813321918
2890,372389.4768653677
2955,372183.9625479808
2530,372096.32406877936
7558,371954.8827208406
6485,371775.09916034504
3054,371728.41836513527
3240,371611.29673025815
8948,371260.00011518336
8349,371008.55156493845
8522,370938.0297164084
5399,370729.7669655162
5499,370729.7669655162
5398,370729.33454311447
5500,370675.7291094173
1944,370645.9719177158
9489,370525.5867994336
2152,370485.1595374531
2790,370274.087052158
8711,369848.00844125415
9148,369680.1558490838
5640,369679.51670304395
9997,369655.0883444171
8350,369516.31549522415
2816,369378.5273034542
7423,369212.09584535746
9647,369180.72960312624
8601,369040.84577130026
8446,368900.6601581497
8061,368898.1597639058
6082,368822.7975225315
9744,368778.7119919433
1449,368764.4192421485
8394,368340.4103172707
7261,368283.6198078962
9033,368166.27289844916
2996,368130.443727033
8364,368059.88470171194
8131,367624.56839985127
7682,367517.3303282873
6584,367345.1387270822
6587,367285.6432307313
9374,367182.82850274333
2052,367161.58106139663
7458,367151.01008982526
9600,366783.2903530509
6887,366774.28418956633
5220,366765.1348884697
4271,366732.58250722825
9499,366528.02648580784
3494,366378.1675568796
3053,366117.2194057712
8295,365982.7033873574
9844,365867.41230600706
2952,365833.2154392882
7378,365829.92399958597
2953,365800.5890519869
2954,365800.5890519869
2854,365800.5890519869
3388,365766.3909452009
3389,365766.3909452009
5400,365653.7883641775
1895,365648.2877653117
4139,365577.61057964177
7457,365283.64963572216
3052,364988.3786086519
9353,364907.04077708337
4126,364876.2705553032
3289,364874.3018495977
2853,364815.04637887544
3189,364780.97199024545
3288,364776.765614245
3743,364734.88333802327
3088,364672.908213024
3487,364542.7526012628
3188,364481.18896736554
7919,364464.03474853263
8494,364325.17935282545
7007,364316.86852510227
4570,364233.4065429528
2344,364228.3658268784
3089,364192.3221206514
7287,364156.94219209446
2341,364130.41981429164
7649,364061.21003078116
3187,363990.599248264
3682,363768.42938212474
3287,363758.49731170037
7513,363350.66637930943
7613,363350.66637930943
7512,363284.6847039078
7612,363284.6847039078
9065,363258.28217437887
9998,363121.9591304959
7276,362988.5746143734
7734,362811.3728376894
9139,362743.4097811645
1585,362689.13558171806
2091,362548.1067066856
3087,362502.1740600519
9078,362182.7439369749
3983,361703.4153837969
7184,361560.71185184404
7748,361444.9709291304
8149,360980.2221145709
6886,360911.29033933254
3116,360648.9730187758
7664,360632.03163046075
2852,360503.7363271963
9872,360162.5062833702
7923,360044.0129083785
9881,359907.46241205314
1548,359788.68406402506
7294,359491.3048890472
1788,359423.5838299527
1657,359393.1231647426
7278,359365.0872802468
2483,359169.59881270956
7230,359086.8499835641
6417,359073.0609893032
8250,359058.5686327024
7211,358882.42927715275
4528,358866.6747919458
4984,358797.1681392949
3448,358770.4164184238
3446,358729.8581154258
3348,358727.0117478238
3347,358727.0117478238
3447,358727.0117478238
8395,358582.8044987533
5337,358378.9413997528
4472,358364.1739389938
8743,358323.5129291133
8320,358279.55531802867
2150,358004.15583959356
4084,357901.15579938336
1891,357643.1055310972
1789,357603.7878723758
1790,357603.7878723758
1889,357603.7878723758
1689,357603.7878723758
1890,357603.7878723758
1741,357504.99634190835
4136,357320.1520369034
970,356998.51217218646
4820,356879.1214270863
4530,356551.9125771395
1843,356394.74990432843
9031,356381.48129240406
2243,356377.11903220776
2442,356377.11903220776
2142,356377.11903220776
2343,356377.11903220776
2242,356377.11903220776
2342,356377.11903220776
2443,356376.73346078774
8104,356375.91101035196
5231,356321.35552940157
5299,356313.35397702496
3924,356250.440889952
857,356213.4879682016
1791,356082.14612441097
5598,356032.76609015587
765,355982.99944285536
9641,355813.98857058707
9742,355810.4963764046
9842,355810.4963764046
9554,355723.8761882365
7994,355318.12753273104
4175,355286.36065201636
8123,355282.97688735725
1690,355175.0490683903
6993,355046.40898293024
5217,354949.72505218076
5317,354947.0006560073
8020,354846.1662693838
9223,354724.71797982306
9743,354722.65150435147
869,354696.40214835457
870,354696.40214835457
9500,354601.0755291737
1951,354525.8379290493
969,354395.11300834536
2051,354375.39727241016
8732,354286.8869532026
8595,354119.0300007279
9988,354029.79733724956
9041,353816.12658427126
9992,353381.9488806484
9162,353327.6076846038
9740,353192.5284203648
9324,353144.7064154061
9124,353050.5839280387
8218,352916.0400919428
3518,352842.2372691695
7658,352785.70234299835
7030,352652.9784862335
5542,352300.9631136715
7580,352241.8728132974
8016,352235.62338222226
4184,352198.1043414458
9039,352045.5361798047
1888,352041.5239616235
1148,351985.59833343583
9974,351976.8877233162
9843,351835.3289293416
9225,351786.1369525229
9224,351786.1369525229
9323,351786.1369525229
5038,351779.0425837928
848,351665.667044683
7849,351605.2810882873
8564,351414.27961213957
2951,351344.7360250533
4571,351335.0901306797
3338,351332.1748816037
3339,351332.1748816037
8004,351185.9032311547
3439,351179.3817368597
4041,350930.257309505
7464,350696.6833274136
9741,350529.74861935026
5423,350354.3104790544
8616,350135.0851322969
7286,350076.12556688295
5316,350058.66245839116
1049,350052.6959549761
1149,350052.6959549761
1048,349997.1480679367
9921,349988.43440639094
7694,349834.97190224467
6484,349792.20782123925
5298,349707.7741385487
3194,349442.6942251748
8330,349370.67007789284
3440,349347.0798503516
1159,349315.46015897125
5697,349264.21729700913
7462,349224.6523477529
8249,349161.80515253154
8019,349153.77646252594
8006,348921.4177306707
4421,348860.11081045534
5315,348823.47072066617
9325,348626.1428776861
7575,348566.4477717585
8503,348554.20821596455
3978,348500.7080808974
5300,348277.8834789906
7522,348274.2572672799
4174,348273.4366850697
4922,348196.83227753465
7478,348146.373906696
4083,348022.16905705625
4324,348020.0540643014
1446,347979.1451030102
5218,347961.65774283675
9919,347948.94691294146
1546,347920.43017468805
9798,347516.4561531042
6996,347371.3832088125
7363,347217.70950644347
9125,347172.90163411404
3340,347006.0881202141
7103,346863.3088646514
9867,346562.5979909272
6299,346491.8675444005
9136,346325.21237710974
2536,346075.1276018455
6483,346036.46577712824
4080,345920.2885381022
8431,345873.4677864214
8196,345768.3118149691
8323,345563.65960877726
8122,345563.65960877726
8221,345563.65960877726
8121,345563.65960877726
8322,345563.65960877726
8222,345563.65960877726
8223,345563.65960877726
8842,345424.57563733595
1445,345415.4018432593
8336,345180.8204801759
4037,345077.14543344284
5425,345064.44449012773
4233,345043.0342568058
7427,344997.69754580344
1683,344792.30350832304
1988,344782.5064610254
8942,344780.57126240386
8941,344780.57126240386
8841,344780.57126240386
7262,344731.2641850488
3985,344514.8056886723
4085,344296.2218111836
1353,344275.4194100206
9967,344212.9453594103
7683,344091.93585642776
3390,343950.99864558375
5020,343886.1946374376
8939,343735.2537090254
8482,343665.05280340835
4420,343586.276090941
1688,343559.57777219726
1749,343480.5657698337
1649,343480.5657698337
6806,343404.7880757748
1545,343395.67980745656
6992,343278.3846766994
8645,343265.7806225239
8940,343222.4612133214
2799,343222.27188416995
8005,343154.78074498207
5324,342813.9221826733
8423,342742.19542897807
8065,342719.52377711376
7749,342708.08526679355
1991,342528.8598652263
1257,342421.7485910103
8164,342377.9177971968
5216,342263.3538913954
2543,342224.01392665104
3299,342185.8395605617
2900,342176.39512674534
3882,342114.19480450987
9454,342014.3541501964
5900,341977.55429454916
3398,341961.3171206611
9354,341848.6014483149
9042,341683.566176046
5794,341446.70623522124
4078,341148.4917503833
7362,341121.74484238884
948,341008.7542486115
5424,340608.92166549404
9061,340565.2217388663
2791,340545.791992149
9161,340520.9104246332
5417,340468.2084710185
7858,339941.3548348717
3300,339898.86573867843
3290,339875.4075487881
7715,339771.5261808262
3795,339721.99496716855
2990,339637.1474987032
1154,339619.5031923105
4179,339611.42627361737
7289,339545.27094190795
7288,339545.27094190795
5498,339416.4298669928
4238,339372.8459961517
8166,339332.6805611326
9421,339138.55257644947
2151,339072.68654574774
7090,339029.9316929829
3980,339018.43771573086
3979,338968.5175707126
4079,338968.5175707126
8130,338878.1129532835
5524,338762.60961499525
3546,338708.10543546785
3986,338695.3042370764
6881,338347.81768195395
1549,338235.90780243196
7290,338080.3010351109
3589,338078.7127269827
9318,338012.48647820484
8609,337802.9005464453
6583,337754.6938727153
6928,337455.78351615823
7781,337301.5335803703
1787,337284.17807702476
2141,337246.74005788955
4983,337231.73291387095
9238,337220.4564506906
2241,337068.5667756237
1448,336754.8986174059
7190,336711.67871980224
4270,336710.475338093
3744,336463.78599140304
5321,336407.3497789
9329,336370.0671155251
8432,336317.4565700691
5781,336262.34135886654
5326,336019.8167074636
7311,335893.2004127317
3349,335830.510430005
4173,335510.0519542075
2657,335506.3146222299
7794,335465.12583620707
6343,335459.279250228
1792,335306.3016300068
2798,335120.79360547574
4838,335042.54961755616
6480,334707.9802712769
9040,334705.49372150935
9996,334591.97011883795
7611,334588.51552229386
3200,334587.6986468095
4931,334503.9872276797
1583,334226.70368800143
7579,334152.9840270675
7894,334096.4765347069
8495,334037.6325625735
1692,333888.776232001
3646,333846.25954202097
3645,333846.25954202097
3644,333846.25954202097
3745,333846.25954202097
8116,333840.9776008042
2634,333823.85450740246
1591,333725.0789693923
1691,333578.667306408
1693,333576.9425497947
1593,333537.1283191261
7194,333535.5568687984
1156,333429.52804825443
1592,333412.66154229216
9963,333380.59775443265
9383,333287.67602714954
4680,333201.4063652406
1793,332974.6263710218
2056,332886.9895479007
5327,332878.6528813822
5323,332837.915522522
1255,332836.8979041685
2918,332712.61193156266
8204,332671.94695102726
1550,332548.76532021345
5982,332480.2233528379
1067,332471.1387631815
6419,332442.67334939586
3796,332429.29862291936
9648,332232.8714527674
6744,332200.2035447287
9062,332005.7959324415
8197,331956.09320751415
8733,331715.46799170075
1556,331692.6326114078
9384,331684.92763720686
2154,331630.9811267115
1155,331417.5559457302
7521,331410.2155231
9283,331280.6012197098
9284,331280.6012197098
7480,331274.58082200104
9640,331185.7021808736
8849,330960.2399594219
7584,330766.4028307652
8105,330696.86850930896
7578,330693.04324995924
9943,330637.1608769771
7730,330565.31209570135
7830,330556.0283431
8535,330548.4276544474
9643,330254.36639524886
1270,330198.241343857
2797,330156.25502537616
6486,330080.6808140136
9032,329813.6944873321
6635,329773.85987777
9645,329702.53333290643
2895,329354.32382522227
6684,329296.41193480935
4040,329260.56063190755
2691,328970.62847279885
3643,328895.05576321343
1589,328773.0072022627
3100,328761.38647242135
5129,328738.90980775555
3324,328695.4742537908
8726,328678.3708490598
8826,328672.83643449703
8015,328651.3127125149
8099,328650.0333086064
8926,328632.89672542555
8363,328615.9142781973
7731,328447.2442342491
8868,328426.4864252423
4823,328412.0725351533
8507,328136.340245551
8206,328136.340245551
8508,328136.340245551
8606,328136.340245551
8506,328136.340245551
8408,328136.340245551
8407,328136.340245551
8306,328136.340245551
8307,328136.340245551
8205,328133.9011605095
8404,328131.6503995531
8304,328113.58018942573
8405,328112.60557235865
8406,328097.7607402609
8403,327882.495700189
8115,327826.7018612375
9026,327789.3154354017
1496,327396.7012870335
1497,327396.7012870335
1596,327396.7012870335
7189,327355.3551212648
1651,327278.70066114917
7089,327182.75135085825
9117,327127.61130423937
8969,327111.48159247596
1597,327021.8740154611
8124,326973.36633413984
4623,326970.3573220963
2292,326792.67299937754
6580,326705.2382382087
7899,326422.16249706416
7710,326302.8578523104
7660,326183.5760202705
7247,326135.79632397724
2995,326041.6493689093
9184,326007.8142264357
2716,325932.9970271445
2383,325859.2921939705
8505,325834.3824447265
7898,325647.6923554131
9001,325540.23831738
5223,325534.77060418564
3545,325509.8731559397
9646,325501.71942414873
4424,325438.8799171051
9649,325369.27599699015
5426,325365.1323748108
7195,325342.2591671978
9644,325322.1603908877
1495,325245.50433446735
3051,325112.0466568712
8827,325083.19637448835
6193,324874.5401076756
9226,324851.69913786923
9229,324842.5611245962
8199,324804.6478094548
2652,324751.00786623394
9543,324707.62773790536
7817,324676.15334643406
3190,324662.34817771876
770,324488.7149544262
1256,324452.26024609816
7900,324426.7249170963
958,324348.4064433353
3094,324128.39099841367
8816,323976.97103541746
2991,323962.71381386224
8207,323947.1829612965
7621,323804.2144629061
8308,323776.32747038756
3327,323769.58668867353
7958,323726.48673485644
4219,323632.43185607676
3090,323502.24817076063
5739,323369.86144324054
8607,323352.2480178023
7387,323246.1548590878
3585,323195.6481973086
2436,323118.88117180375
1440,323026.0585889943
3293,322960.58831957635
8000,322948.53686722537
5797,322785.334310075
6386,322764.5722335762
6385,322764.5722335762
5422,322741.22570206237
7091,322690.2300892089
7283,322633.69709277345
9763,322547.5290419801
3977,322444.27899297763
3292,322421.9780985827
3291,322421.9780985827
3093,322421.9780985827
3092,322421.9780985827
3192,322421.9780985827
2793,322421.9780985827
3193,322421.9780985827
3091,322421.9780985827
2894,322421.97809858265
2994,322421.97809858265
3191,322421.97809858265
2794,322415.5563254985
2993,322395.40388688305
2893,322356.747083767
3251,322319.3115359603
3000,322306.40192248917
2767,322272.21801098896
2764,322272.21801098896
6487,322192.12728934496
8961,322191.4470306854
7999,322168.5305884134
2664,322159.1485480783
9345,322146.1841466323
8421,322123.0811898726
2392,322098.37950223574
2866,321975.09438089293
2765,321833.60323577456
4525,321727.8762094305
3923,321701.1353657084
3884,321686.2138016957
2768,321679.9323098032
8098,321624.70490382577
7848,321578.7877564165
2665,321481.6079666908
6826,321406.9453164637
1850,321406.4465712835
6387,321392.5652228442
2792,321391.7170252654
9966,321304.24673466437
7563,321260.76500835316
2867,321106.5806261627
3937,321072.62513622746
7586,321015.7008851144
7998,320928.3927243855
4284,320909.3056977374
749,320809.4224561314
7463,320561.7282373071
6884,320509.48181295715
9973,320441.7891310762
1498,320388.83758191264
2766,320366.99968631647
6285,320354.4305057491
2929,320298.97938385076
7608,320137.28226746887
2663,320121.25007266103
7564,320045.1026528289
2666,319836.1374471073
2928,319771.47748101834
8523,319630.48366488516
8305,319417.0596997798
4737,319408.5701681023
7583,319333.4091898189
2746,319158.4237994212
7329,319135.7025599321
9130,319125.22238765156
6827,319099.4925755636
7094,318950.898417947
2667,318925.9797666299
4522,318896.92370401893
9972,318880.7768549134
8725,318766.8435453852
5282,318611.615606592
7191,318534.65100285766
8962,318531.5707784082
7374,318504.7069776273
4637,318501.1865956185
7202,318473.0725804911
3030,318458.1861474528
7291,318402.94771847245
7092,318402.94771847245
7292,318402.94771847245
7192,318402.94771847245
6784,318318.77261759294
8822,318244.7109986824
1594,317681.32949230506
7456,317360.2463921974
1595,317340.1919609316
5416,317333.4071472892
7686,317316.9417655417
8422,317249.32596225414
7293,317190.26859417744
7518,317158.28784735396
947,317030.6629407229
7829,316855.36609431484
7995,316830.01579041826
3346,316765.1692930513
2868,316759.5568298171
1069,316737.4808893081
3794,316549.56834678067
7800,316427.92815281055
5421,316352.23610989377
6284,316260.2081715381
9866,316121.6737174695
8120,316098.21406611276
8504,315877.53274117544
9025,315743.37174951244
9545,315674.94928043784
9544,315593.1616501712
7319,315579.4572678136
9063,315343.4900754545
9663,315128.51855019724
4320,315086.7402971436
7582,315041.7220983252
7483,314931.7486240928
7484,314907.81820003234
6384,314781.1804162641
5021,314670.8818997685
1590,314605.3651556997
8267,314562.4687372842
4624,314503.8668378133
2636,314488.48680070543
8817,314479.98657183343
4626,314435.4750494366
4524,314410.3231042424
4523,314309.8775911509
3885,314185.4244234269
8448,314049.0320402089
3393,313744.326693624
7193,313590.56711533875
4430,313499.1640248806
2055,313499.1163061797
4771,313108.20874717785
4724,313088.8259439798
8299,313051.84258974955
7485,313008.50754375296
8929,312985.3599439434
1046,312851.5403520481
8165,312832.80543237255
7098,312734.22894233715
7197,312734.22894233715
7095,312734.22894233715
7096,312734.22894233715
7196,312734.22894233715
7097,312734.22894233715
7198,312734.22894233715
8963,312609.3846108398
7383,312522.4580166401
7585,312447.96720014
8224,312312.40790592006
2763,312140.59191081586
8396,311973.24200524605
7535,311946.3094789093
7617,311943.7420521845
9227,311904.0244581348
5415,311856.62862966006
8097,311755.1598936431
2829,311635.65745571937
2800,311602.2297648337
5518,311500.30926270655
5133,311315.50927576725
5132,311315.50927576725
5033,311315.50927576725
8696,311254.04552014737
4077,310981.04325623123
7377,310875.3831732934
9126,310806.5530896991
6292,310790.28141274885
8003,310618.55066579836
3935,310544.20175239944
2566,310504.59661904164
4925,310438.42864746205
1352,310376.3928890009
7684,310219.70093098894
4436,310023.3166119271
8925,309847.6488537193
2444,309827.92653803894
3530,309795.5104244658
9444,309654.3497688088
2253,309649.84555597283
9965,309547.1066026379
8106,309513.59443816694
5032,309149.8220172233
8368,309093.7804501199
2828,309068.0484111167
9964,308991.7171422777
8825,308841.864466522
1075,308764.6985235172
4137,308557.90576924954
4336,308556.0209708518
6997,308445.2655972387
4337,308403.2354982188
5522,308345.2737328121
8467,308001.8302397773
8466,307972.6052607871
8367,307972.6052607871
8366,307972.6052607871
5232,307850.65394455794
7093,307758.5667452956
7895,307705.25956855033
5995,307677.48135476356
7896,307654.7928379884
8768,307602.46925114054
7795,307473.337666728
2482,307461.3761746898
5034,307331.4055060309
5233,307069.90089033823
2920,306908.9120442514
4625,306681.45681763714
5134,306558.276837268
8631,306448.787368215
3640,306415.4769981721
1455,305997.9934402482
9135,305969.36349789944
2354,305924.88425773685
2355,305924.88425773685
2454,305924.88425773685
2255,305924.88425773685
2254,305869.1529787501
2155,305799.9329067386
2156,305753.8852754784
447,305751.34062490927
7277,305627.54556363425
8148,305408.7909384937
6286,305268.69753929344
4237,305182.53972670104
3531,305177.47574898123
7486,305104.73012659705
9546,304971.37865590653
4527,304950.4067988736
9445,304600.87126299826
8296,304549.8424011556
6991,304457.5154941956
4176,304435.4468527501
4423,304021.471691922
8266,303910.7529831658
5328,303788.3934998736
2581,303720.63195321197
7249,303541.7352694325
1893,303427.6235311678
9328,303140.87491747085
7099,302883.69611552067
9017,302848.239320991
7678,302691.8708841364
647,302674.9072983454
8713,302662.8892353963
5123,302653.3033307353
3686,302566.5261943637
2729,302565.2487320161
1444,302423.8508401162
7729,302403.80817470065
4231,302205.7850426127
5521,302205.59342306625
4837,302011.49010273465
2717,301991.4992040888
5198,301838.70122884115
7236,301822.6315507592
2353,301786.5477746633
4076,301768.93218387244
4138,301550.6814490429
7577,301533.6995977109
7681,301455.61978311057
946,301303.7661887948
2851,301227.350406632
9797,301199.51801342494
7405,300967.45264995296
7199,300966.4063301438
8605,300942.8414552115
4933,300858.4570530198
250,300835.4991731102
5540,300439.40524392616
9820,300273.0611924005
2865,300202.10779772565
9897,300192.6110006425
9898,300192.6110006425
9237,300048.13816192414
5642,299971.6008549081
349,299920.93699747475
8867,299765.3517558998
4824,299749.66051570186
6185,299686.1712103391
8784,299406.15372336766
5139,299381.4722165031
4283,299318.3259080029
9896,299285.45894984325
9239,299212.4265194188
8333,299185.6156054021
1499,298991.8210390398
9236,298989.2191661719
9337,298889.26400923304
7712,298852.41737890814
8096,298832.1710583013
9336,298759.1986432792
9338,298657.6892120061
1500,298562.64141902234
2752,298443.80296217697
4272,298234.5654263917
8147,298140.1185497777
864,297996.17466243374
756,297839.2244213701
1169,297793.3996253735
5898,297703.256693191
249,297631.78191964235
9865,297579.7175011551
9023,297568.64551421197
7679,297568.35999684775
6939,297502.5306590974
1063,297467.532140456
7704,297223.86388970586
748,297048.53697912814
7380,296973.44336422195
8324,296948.92010788043
8922,296896.90762104926
1892,296805.68730547914
350,296787.6372835495
9424,296710.6462802535
8727,296648.3436422076
1851,296542.38507092895
747,296524.38703441224
9235,296497.757238752
1265,296438.7101818764
8823,296414.1776437177
8706,296413.3395215515
858,296280.82901756157
8923,296156.3199277317
8924,296156.3199277317
9024,296156.3199277317
4432,295898.5631132728
7386,295879.91833810095
5177,295875.11501560616
4025,295745.8285746131
4024,295745.8285746131
4125,295745.8285746131
4026,295745.8285746131
4836,295677.65836597636
8623,295565.8026408599
9101,295526.08894098626
5023,295495.0401385787
7897,295404.74843833677
1400,295355.2932648302
4372,295300.4569478567
4923,295190.43755985604
2917,295142.1849330432
6287,295106.01705637824
7844,295097.7410075716
8604,295014.5702316008
8815,294861.5904333296
7700,294859.7576373399
4520,294737.0068033192
1166,294684.7342128196
2447,294584.9747277213
8797,294299.8317595094
8915,294257.22753369185
8917,294257.22753369185
8916,294257.22753369185
2642,294185.09892515483
8297,294161.9701967419
4124,294139.93082066556
7477,294094.3644266193
9016,294068.2087408129
8436,294047.3023139061
7685,294043.87853776634
9438,293942.72569960024
2817,293838.87380582944
3786,293791.8659581894
5024,293640.02938230464
4924,293640.02938230464
8220,293631.8914889127
3029,293526.8837871006
6186,293489.4262917523
9942,293404.01978244545
6706,293309.0000429339
9339,293147.4355192957
8496,293063.0964535308
9217,292977.5842186677
4319,292942.0256346139
9428,292852.985856853
5523,292830.25170697144
6187,292748.2904002761
8319,292734.7066972602
9549,292690.4585349187
9566,292686.8854431553
9448,292665.61380913993
9449,292569.99881264614
7799,292522.677421072
6984,292412.2005665046
7581,292401.8899789623
8824,292322.24916586804
9548,292304.0011295075
1365,292255.66525992414
3622,292087.3896679403
548,291971.97179432603
1841,291903.5838681344
7634,291818.7569111291
5427,291640.72771624953
8229,291472.97974381765
8783,291407.51820020535
9447,291279.17351824505
5333,291154.31147379574
9348,291074.10713096976
9349,291074.02196915593
449,290951.71264562395
8236,290842.8404989353
9327,290760.07269803213
9340,290669.93114535435
7818,290646.1911614218
1267,290522.8445846493
1168,290522.8445846493
1269,290522.8445846493
1167,290522.8445846493
1268,290522.8445846493
1368,290522.8445846493
1367,290522.8445846493
1369,290522.8445846493
1469,290470.2138798802
1470,290470.2138798802
1467,290470.2138798802
1468,290470.2138798802
1466,290469.5347570301
5782,290451.64297203143
5681,290451.64297203143
7087,290428.9087041963
5996,290404.68713226716
1068,290404.0366776087
8715,290265.24180264113
4572,290235.04327665555
6683,290227.6502983773
8447,290220.12810186006
846,290209.24258545914
6707,290139.28372650227
8626,290129.8408559944
2916,289859.34902520815
7576,289735.85353311914
7282,289641.5949686164
3886,289550.48906642606
9794,289414.847044187
8625,289379.74811098434
9247,289316.68006684136
3016,289268.12771604944
3430,289259.71891231555
7997,289249.5000727678
2448,289166.2057491583
547,289095.0069727393
8878,288930.67279659945
1266,288805.60042443546
7482,288764.35472433286
648,288730.4182746764
7903,288681.15766403533
348,288666.2057823532
6639,288610.48087615025
5122,288567.04291878024
6638,288540.1196369146
3785,288381.45604498324
8716,288374.2199908098
8717,288277.6013084996
6738,287864.75617655093
2481,287774.74905033753
8200,287697.623033883
4934,287694.3459211502
6987,287615.4039517069
8549,287535.9582752158
2565,287532.2800162941
3694,287461.25816211174
5682,287390.59030657465
8546,287301.5941287693
1983,287228.2484300878
5022,287221.93046457606
2084,287009.0422798132
7310,286950.7188560715
8866,286911.89585669467
3588,286886.4689082144
4371,286622.80405272625
5329,286548.17757291236
4671,286480.5446814929
4736,286476.8908378666
9578,286424.34571322234
1786,286371.35827434086
8100,286361.03796963464
9766,286339.2574967133
6181,286199.12064450124
5783,286197.60294951726
9437,286126.86609081045
5221,285990.3136023894
8927,285952.059062
8484,285877.99268701934
9230,285815.3467329861
9720,285796.05348395853
7182,285674.7112710765
1465,285553.4494290439
5582,285433.2130284603
5683,285427.067742081
3642,285375.54488543904
5793,285217.33322445233
3689,285217.19945023867
7945,285118.6420336053
6481,285084.6769905249
6381,284964.4909334243
9006,284957.1952657908
7845,284951.58716377465
2187,284951.29984728957
2869,284946.3596003946
7605,284631.8491876913
8965,284552.830977651
758,284375.34728678974
3151,284346.6785606625
3264,284243.35669617297
9246,284225.86368407466
7304,284000.63026835717
5428,283990.61000086484
8901,283863.0925353313
3420,283840.1979080269
7944,283806.69987788436
4335,283692.86686345347
5997,283674.4026877923
4636,283492.7589401673
8534,283465.74153362354
8300,283449.54471844836
7347,283391.6285223402
1370,283384.5919115873
3023,283301.55270238
5795,283278.115362587
5796,283278.115362587
5896,283278.115362587
5895,283278.115362587
5897,283278.115362587
4338,282977.92206269427
8265,282953.63291406777
2453,282854.67218479916
8723,282642.3117729907
2081,282527.4704470277
5019,282475.3077319164
8984,282213.0761142603
4536,282153.5983127354
8608,282098.68916520174
8264,282062.15074441256
5082,282017.4944871556
8424,281973.26880193414
9480,281516.96105079155
8298,281456.6921729621
9084,281408.12774418364
2083,281361.80281266687
7901,281360.48202747304
7811,281269.79042620165
9129,281267.55568296736
9893,281132.1460759915
2256,281070.73205799423
6998,281059.3683272058
7504,280875.9335259168
7503,280875.9335259168
5322,280794.0036420472
1366,280744.97167671804
9864,280673.10150285374
4888,280669.5131829379
3540,280529.7147207879
6184,279827.68900329643
9248,279732.4189272062
4938,279691.27320340124
4982,279576.2213794976
7948,279526.9376748861
7404,279436.1595611704
7699,279413.0039430066
8017,279395.42748047586
7859,279272.34668477543
9015,279263.93249894946
9440,279111.44627803966
1758,279074.2940658465
7183,278933.96603180707
8481,278890.2269367675
651,278781.14978735655
7996,278767.54233840905
8724,278475.47598069505
6042,278471.8630459978
6280,278441.3184553649
9565,278277.50050744717
4332,278257.8305583261
7302,278076.4766156343
4937,278004.5924062113
1687,278002.04457457387
3168,277931.19392290426
7610,277811.0075536053
8303,277578.3165713066
4936,277571.5752114229
5222,277130.239302334
7151,276951.2899154447
4039,276943.51411736885
9547,276888.74904087133
9564,276740.51851350773
9664,276740.51851350773
9665,276740.51851350773
9666,276740.51851350773
9764,276740.51851350773
3392,276694.0982295091
3391,276694.0982295091
2751,276692.13884491613
6739,276624.8956194336
7505,276597.6546913009
9765,276510.35486781
9302,276355.099339551
9201,276355.099339551
9202,276355.099339551
9301,276355.099339551
6433,276217.37248492375
7403,276096.59222079406
1992,276069.8014295161
5190,276053.8964961073
9326,276017.41230781993
9401,275953.4430959363
3742,275934.5936568505
3268,275864.5845098871
2700,275722.0935012432
7506,275611.2364537866
9029,275584.5532375421
2769,275482.4378969078
9423,275376.388944734
7414,275340.3899888476
2599,275340.3774716134
3265,275317.76812081784
9863,275190.2475464985
6888,275007.9607958464
4833,274971.25935781124
3150,274913.89636976604
5189,274729.3145318965
4819,274626.9847564745
5135,274617.36986165517
768,274440.242147737
5330,274439.7772913595
5118,274350.41640183056
7188,274308.9827170666
9303,274253.68259213504
2699,274159.006283003
2698,274102.5394850771
9204,273970.91380939924
2697,273860.0086374667
1439,273852.4776055986
6640,273837.1248082119
7759,273761.03195049724
2193,273718.8828841083
2598,273718.8828841083
2192,273718.8828841082
2093,273705.879197044
8060,273697.8401151534
7516,273681.2867221159
2092,273566.10114960343
4232,273555.04592730297
7833,273526.77871519676
2795,273477.3317169363
7796,273474.2939315955
1993,273348.05775006686
7296,273330.4821485953
2597,273278.94444961246
3789,273278.7548497739
4735,272658.39574069367
3370,272405.0388527295
8219,272367.7803046945
9446,272347.6185966341
9995,272296.3166720407
9330,272128.7732037248
1650,271924.8894667403
6383,271776.8425371894
5121,271763.4776583786
4733,271743.97724977555
5035,271692.8098483353
6094,271687.88250085636
8649,271585.13389918883
4875,271518.1260121989
7902,271476.6953917715
2692,271473.43929243676
3279,271395.3083254199
5018,271241.8053039588
5119,271241.8053039588
8433,271155.8192699389
4835,271080.25116200064
4772,271031.03707866964
5693,270833.72003561154
7419,270823.52603225363
3229,270812.8561055024
9346,270788.6261726453
9542,270701.9120877377
6040,270686.4173605823
3941,270320.5186936498
3574,270219.17223856313
3883,270025.9987872963
2293,269971.2217889279
7435,269945.1893266455
8596,269929.74768156913
6544,269821.9694377649
2493,269818.6823670817
2336,269814.3807871924
6598,269786.8139467871
8828,269764.8891603166
6534,269663.82263575675
845,269661.16964476573
3164,269419.4836588756
8059,269260.9386836168
7711,269198.7178032715
7600,269090.82185270893
7303,268938.90012847254
7102,268777.70951108396
5120,268764.47864135174
3739,268665.542171336
7295,268641.20373846544
7402,268628.04746170866
6844,268619.9465969743
3317,268360.57367074245
1750,268324.97101725603
5583,268275.2091278387
2592,268219.1244034282
7148,268204.97366285924
8435,268203.3206838801
8603,268024.9502969713
5685,267982.4494598121
1599,267925.416145227
2728,267883.85592361377
7760,267881.34274652513
9027,267797.0610644228
8633,267777.277986492
7726,267727.33246248023
2892,267658.39428195753
9679,267445.1199173272
7964,267437.9598249134
3263,267428.31780283916
5684,267300.53121278045
3165,267141.75340363214
6828,267112.99528000655
9520,267007.87253524153
9895,266912.1990259864
4834,266738.41231082025
9127,266726.85607961693
8705,266624.687865879
3028,266280.2038469907
3544,266112.81037428085
3015,265779.67342822935
8744,265773.4807706239
3266,265760.9591402652
4431,265714.13219889934
9402,265691.32519209693
5784,265684.1512517166
9134,265610.55915496027
4531,265494.86123095336
2643,265086.90932088025
9403,264996.236969375
8683,264781.1994144001
646,264632.07482458546
3586,264610.2868528401
9317,264535.1197433392
4483,264517.8587656727
9203,264488.27890261565
8632,264399.6978830007
4532,264264.8041436968
3329,264223.546297894
7659,264223.06506255514
8533,264162.6955204801
7680,264135.6306382285
8801,264133.84572193085
4535,264113.5849491317
5787,264085.8769733418
5686,263998.7073453624
8532,263905.78454597626
2544,263713.4548824695
3250,263652.8701221005
6482,263647.79721574095
649,263397.3327194619
2980,263338.24914605805
5788,263337.39153062674
7082,263281.516574303
1598,263248.4812533499
8048,263107.4983882391
2534,263051.3457538487
2992,263038.1694796113
7348,263000.0972453698
7376,262901.10732711974
4427,262784.5725002708
7023,262719.18460882304
2445,262627.7516193898
2446,262627.7516193898
2646,262627.7516193898
2645,262627.7516193898
2546,262627.7516193898
2644,262627.7516193898
2545,262627.7516193898
2745,262627.7516193898
7880,262614.43779507966
8979,262586.9796000402
2635,262585.97176955634
9894,262529.01530283794
1566,262525.6601515338
5340,262418.2374962235
3723,262366.0687950942
7298,262279.60690646415
1355,262145.4867671743
761,262101.86060202032
2494,262024.33856910758
3938,261934.8467981104
6790,261905.51837045504
5785,261880.5367906589
5786,261812.07494738587
4935,261763.49512747055
6388,261747.38259052503
5519,261637.54122641918
6781,261596.41883484833
4539,261536.77355561347
8699,261528.74877964545
5885,261459.10243201276
6001,261436.78837872733
6101,261434.03929929316
2693,261406.89210396176
2600,261304.87361035284
7248,261141.71427631646
6201,261111.06974632063
1985,261071.194820077
4885,260898.35436562556
251,260828.5901165123
2041,260769.72499406268
2979,260723.7903674309
3887,260700.89171896788
2891,260666.83734130568
1686,260635.58966447777
2535,260586.24939332463
3697,260523.53468679712
3787,260460.69709121427
2668,260389.40738520894
8714,260365.30578613008
9116,260338.80154758322
9524,260220.10727580826
9726,260220.10727580826
9627,260220.10727580826
9626,260220.10727580826
9525,260220.10727580826
9526,260220.10727580826
9527,260220.10727580826
9727,260219.11748522514
9825,260212.78858563496
9523,260203.080834759
9625,260202.7511616654
9624,260173.96691161167
9826,260168.03794958102
9725,260134.2118447071
9724,260066.433103628
4331,260058.48687998072
4635,260001.0357660547
7037,259992.41455798212
9623,259973.585827442
2950,259942.5448888414
3167,259906.06105551287
3940,259868.05444014998
5236,259565.74474011827
9425,259423.25626021583
9793,259260.22720295133
5694,259171.27581547384
1397,259171.22212631663
4537,259026.99860652085
7251,258943.86662758864
8064,258922.42692602702
6637,258918.91822408178
9824,258835.21754061995
4918,258712.0973029887
1264,258711.5374864475
4437,258687.90782367383
3687,258573.2697847659
9141,258511.2279504796
7602,258494.5496025866
3163,258451.49861532132
3050,258343.6811692952
8749,258338.28266867858
7959,258299.0462293909
6783,258206.55062750055
7917,258185.93352271072
9140,258050.9249670632
6883,257517.29114574127
7732,257357.67055790353
3688,257192.95729539177
6983,257115.1717984656
6982,257115.1717984656
7083,257115.1717984656
2455,257025.71729294525
6727,256993.20312043035
8455,256956.9069441744
8914,256941.3775738506
4036,256734.13858868813
5689,256693.07106787624
4383,256522.3963264309
8524,256484.69325249828
7877,256476.22591614194
3788,256275.09569625196
9106,256202.42222428505
2850,256098.15606596574
3889,256085.9971545786
5884,256071.98467795947
7231,255985.87931080037
9005,255899.02970712696
8848,255874.62702399865
6182,255609.66750945037
3417,255539.60200046547
5590,255524.37775389626
9427,255459.55164659562
5539,255379.28761919847
5290,255373.14837572686
7676,255279.03736596517
3942,255170.64422502817
4734,255084.44311737505
6281,255070.18395427294
6400,254863.05028589963
6283,254839.83234013425
6382,254760.17081657093
1746,254692.16336243652
746,254592.2832077403
7481,254581.816861488
2696,254474.57241175295
4720,254411.9959278133
6540,254298.3575645326
351,254283.17955940656
6138,254259.82404536384
9441,254248.53301884833
9426,254181.4624235586
8234,254178.86213828044
7733,254069.6803503929
7312,253862.47770659512
2864,253708.8029822202
3597,253667.66850267933
7618,253587.0824582138
5297,253554.26801949705
6140,253534.83662271142
5894,253525.02693087433
9240,253420.59532176433
2236,253388.63587214315
3267,253320.40875573937
8119,253311.00166826465
1751,253194.46308928225
3888,253071.08111077594
5882,252999.13869130044
963,252946.90287000273
1588,252861.99777323188
1586,252789.7205675604
5528,252719.92951511158
149,252692.4745476304
7507,252669.7146309735
8583,252570.5396891341
6139,252568.16094445175
6240,252568.16094445175
6239,252568.16094445175
4419,252498.87172028588
6183,252487.32616284705
3166,252402.01708213158
5687,252294.36255996078
8531,252139.9013652592
8906,252080.73002384065
5517,252069.90993681143
5883,251867.2401364043
2593,251827.88958113198
3490,251823.00333112825
9819,251813.24927311498
3917,251783.24843271397
7137,251687.97608719577
7819,251686.14131901355
7780,251680.12198703038
5695,251440.63758820837
6102,251372.68230137517
4985,251325.4214158541
8983,251279.161158727
4023,251212.2234606475
7918,251188.46266527695
9131,251007.62276592772
9245,250999.544421575
9228,250907.23557097508
9064,250818.46328419275
5901,250608.4323418089
450,250564.8433835342
6282,250524.45843624996
1356,250443.5967914285
3587,250423.58341703808
9422,250402.64418448776
3594,250282.75802096524
8707,250229.3822159
2967,250075.3259260737
9231,250027.91908903213
9133,250027.91908903213
9232,250027.91908903213
9132,250027.91908903213
2294,249992.13612031355
5690,249956.17455461482
2681,249366.202239258
9892,249244.9513595644
7421,249153.558873823
1456,248874.91304053427
3841,248696.22083306735
4730,248276.98925047374
660,248223.65681423238
1340,248051.74445754619
2393,248036.87550223354
7382,248026.64695238005
9692,247904.77302096324
8624,247864.16229246708
7720,247690.6198322573
2744,247682.308985836
5692,247595.79728710125
7297,247570.51513238024
6241,247422.32867993825
7695,247380.47356105092
659,247185.07851267108
9628,247183.65541562627
6002,247115.67348171814
8203,247082.86408891698
6644,247015.2854462713
2759,246973.86381009934
9233,246954.36151297466
9528,246886.12661999662
5117,246745.92432206828
2382,246702.72321446205
5136,246682.89073962098
9028,246642.5066709022
7313,246390.91578387635
7603,246328.0295306596
9128,246286.46668535343
8335,246240.39945605432
745,246201.494691883
5994,246194.29704578253
5291,246191.92511068392
3939,246143.62638621216
5137,246008.26268596188
5037,246008.26268596188
5036,246008.26268596188
8710,245916.41777688966
8928,245869.93005166197
8118,245737.7430244262
5336,245698.88098945314
5491,245592.44118108597
5490,245592.44118108597
5691,245592.44118108597
5390,245592.44118108597
5392,245592.44118108597
5391,245592.44118108597
6083,245590.54590194736
7604,245427.76891585023
5492,245398.1548568033
1846,245277.56683450652
3069,245181.17917844985
9719,245070.1788407978
8047,245042.51937673034
6039,245005.87600355662
1600,244881.12442705114
2497,244848.2761750389
1494,244804.162638404
8397,244646.9858439648
1544,244635.41907760096
7703,244597.86571632666
5592,244452.62698340346
2181,244415.7557903345
6925,244371.1510486789
1396,244256.64730808922
7863,244249.40997475482
2082,244225.31939874386
7609,244201.33037935477
2859,244174.37185616212
8782,244099.46746129444
8964,243978.8668701822
9242,243878.94522345893
5886,243828.61778347113
8809,243743.69388712582
9108,243743.69388712582
8808,243743.69388712582
8807,243743.69388712582
9008,243743.69388712582
8708,243743.69388712582
8909,243743.69388712582
8709,243743.69388712582
8908,243743.69388712582
9007,243733.20512367858
9241,243732.88727597767
7036,243645.50658843818
744,243535.18709035913
8024,243469.96395476558
757,243358.5470898154
3498,243334.1877118801
150,243290.31732559085
2094,243010.41633463156
2564,242894.93241317396
6539,242843.2279995782
7802,242733.4276597126
5314,242469.41675658204
2818,242433.24181176673
2694,242372.0557578132
1364,242286.7522666765
5591,242206.289427512
8810,242204.94667044486
1994,242171.02478215663
7719,242020.96702063418
9205,241990.6439776694
9723,241923.6552384957
6288,241906.1244476109
1399,241866.43025044055
9693,241825.36631951138
5688,241732.87589228014
8806,241626.29861290366
9207,241339.93331759662
7620,241293.39988484947
7614,241261.48077402796
7860,241211.23039696077
4439,241140.85766459518
9009,241084.90566081196
2194,240758.14302493716
6937,240745.0643003486
8882,240726.6581184172
7502,240684.8473544163
5726,240607.58536731912
8063,240601.91437135372
6897,240570.9610078944
8325,240506.39238424285
7514,240402.0744728641
7107,240197.56774413923
9105,239957.6013394091
6940,239871.6733291097
9104,239802.43503080276
9899,239794.95106685764
2532,239790.17456618676
4422,239715.87857958936
9206,239652.28039377317
2495,239598.7875178696
9002,239595.66582989876
3079,239559.1084521904
9540,239543.06129429096
1587,239535.20882985936
7351,239278.69998330902
6103,239267.21241305745
8781,239244.14173675803
5801,239234.79448130797
2283,239048.9148453532
3782,239034.5207479665
3598,238945.39020199137
3698,238945.39020199137
4435,238868.90467284853
9347,238832.7086550995
9304,238263.6424733145
3027,237985.42024528497
7396,237919.8086061277
6737,237819.1366106837
1567,237734.0234093359
1798,237669.79373588797
2186,237519.58141041486
6141,237507.68297434188
3169,237445.869610252
5641,237319.71588108342
769,237305.85492513722
8881,237146.61086843768
8018,237042.75266669225
7035,237039.07984624826
7520,236929.15359496497
9792,236817.25134272096
9208,236684.11824515462
760,236599.57371880003
7395,236587.47578797428
3080,236459.5423719803
3684,236329.45493942802
8598,236212.56516602891
8597,236212.56516602891
8498,236212.56516602891
8697,236212.56516602891
8698,236212.56516602891
8497,236212.56516602891
8398,236212.56516602891
7718,236176.82714492214
2658,236155.76360692037
7299,236124.74788386378
3059,235886.33730361084
6537,235750.647580044
8434,235699.431881146
3078,235610.43884899668
9993,235609.00290420587
9047,235527.46958751848
7510,235503.7678127151
4235,235362.84988726684
4583,234934.93716755277
3280,234934.2957992059
2252,234930.03911429172
2352,234660.361723704
1557,234468.10281920945
4384,234395.92428264828
1441,234372.6790794141
4224,234224.72400931906
4321,234138.97064362196
7495,234137.1114105354
1540,234081.3469426584
1658,234058.72891021695
2921,233846.4825653243
9102,233729.22065308053
7820,233677.63880684448
4218,233643.51224261182
2966,233565.37585538268
6728,233482.33217423942
6399,233444.18966066497
2596,233384.2103540083
1558,233377.0878441087
7150,233359.3122686876
3115,233333.96658401156
1339,233291.68935069683
1996,233203.1298186495
8843,233065.89763623787
2394,232782.803855848
6936,232645.24999924505
8235,232570.56914492178
3987,232516.49192636422
9107,232308.299916053
9522,232260.13013223826
4534,232097.08396892546
7862,232063.36457729532
9439,231947.49424143104
8883,231945.72845931203
2781,231915.6252156134
8729,231896.2362083668
559,231887.1260958895
4932,231782.62848850488
1457,231745.37322010892
4185,231670.84199132796
4533,231654.83508909383
8910,231470.1871439244
2136,231432.54682882444
6836,231398.90390758886
6797,231267.50397030162
6899,231267.50397030162
6798,231267.50397030162
6799,231267.50397030162
6898,231267.50397030162
7798,230971.7401937405
2927,230897.71849696393
7824,230805.34420534957
6890,230760.09348983178
3840,230612.16357632485
9923,230477.43139997675
5191,230467.07891491204
1443,230437.31936188196
5942,230321.76264029415
8943,230277.71722190894
1981,230277.0780541562
9147,230253.75271731755
4333,230118.12936722508
1357,230099.4105602056
6726,229755.25408165227
6084,229585.63906303776
7033,229459.43570651364
2594,229101.1162759859
6238,228866.52312804328
5622,228538.65083579413
6740,228498.6701301914
8334,228491.86116525027
3683,228436.23325717804
2695,228338.46689770883
5436,228328.43247895365
9841,228310.30864908698
6882,228060.69227629274
3617,228030.00614164118
7803,228017.49032553725
1045,228003.5444808836
4633,227996.30374210578
2922,227922.49731353478
6628,227668.36861201425
2496,227628.36543346866
2295,227628.36543346866
2395,227628.36543346866
2396,227628.36543346866
2595,227628.36543346866
2397,227628.36543346866
2096,227628.36543346866
2095,227628.36543346866
2297,227628.36543346866
2296,227575.58120371457
4086,227536.59301954624
1995,227521.06700548655
2196,227385.7511859413
7375,227337.85137810055
2968,227225.74926402947
5802,227170.2848002754
2195,227105.89366492507
7861,227053.62894181686
3842,226944.8701529593
8947,226897.85640334696
3577,226872.67967900526
8002,226830.39563259235
1398,226829.32704869242
6633,226706.02540544848
7187,226384.14607861298
9115,226372.48712732657
7960,226342.065086584
7961,226342.065086584
3269,226289.47447748284
7929,226282.62709046857
9109,226136.4507795473
7415,226081.45517258992
9043,225909.00289027937
3838,225877.10035796254
4538,225743.89744523764
9142,225662.44499914575
4634,225660.09795338914
6003,225515.9816417177
9418,225487.7154405915
2452,225365.5604760266
8254,225365.2591148821
5985,225311.4334796115
4438,225261.87271755302
9316,225241.19494014708
3373,225119.78556958513
8566,224988.48786252123
9341,224937.3759289718
1458,224848.3388142505
5332,224824.17167227334
7408,224774.01012646392
7034,224726.7837255373
8811,224725.62542835533
9999,224660.69956449917
9823,224556.64286737394
7316,224510.7772035168
5696,224328.64838952012
9234,224283.20197032503
6498,224238.5452774879
7496,224218.96847154413
7410,224072.41394214946
6735,223946.8204752679
1541,223909.20377229227
3223,223856.68182822966
6541,223823.36387994443
7451,223765.57142165827
6938,223711.7533891274
9103,223699.22682162447
8814,223689.91744152733
6736,223661.8584050439
9926,223624.56880762705
1300,223517.95631142304
8907,223394.2249268997
9014,223330.95806463514
5887,223236.27795994055
6542,223063.30593685608
6641,223049.90872007716
5624,223038.6394241995
6642,223038.1329847109
452,223013.65660631584
5085,222992.10411467226
2197,222974.19176982035
6488,222947.52217938317
4234,222941.38525720558
2533,222793.0129611191
5182,222724.0189423444
9780,222610.30432153444
2863,222513.3145561413
6942,222482.93098360556
2923,222474.7434112731
6742,222469.79840021554
5940,222443.92088159852
551,222439.9957113251
3399,222437.56859677113
7422,222422.92850062338
8399,222396.35744393486
7409,222368.94571722037
7509,222368.94571722037
7508,222368.94571722037
9215,222368.67109724233
248,222357.36125423558
4135,222344.91326098176
1163,222105.1044148239
3839,222014.72940952014
8944,222013.66364649564
9046,222013.66364649564
8844,222013.66364649564
8945,222013.66364649564
8946,222013.66364649564
8845,222013.66364649564
9045,222013.66364649564
9044,222013.66364649564
8745,221946.4992043276
6316,221885.65856734727
549,221876.9950181145
7003,221809.82572830995
253,221806.70199181756
1882,221791.9078321759
2552,221746.0751099045
5084,221619.9871725113
7677,221533.97202605175
9827,221433.12394086266
2074,221432.18519806454
9146,221209.73938640914
3068,221123.52067877149
9315,221043.32869819104
1492,220935.54724510622
7321,220909.79062696066
7322,220909.79062696066
6734,220746.06743862695
6342,220601.13494931435
7281,220432.33449061742
3123,220341.999428926
8846,220289.09502259153
7136,220193.6122369512
4334,219957.5514811878
9214,219923.92555250027
6835,219916.5791419491
7779,219870.45040319662
3328,219869.8399220436
8599,219844.9245100019
3228,219841.229028019
1997,219811.95256104408
3128,219673.0160471727
6442,219641.09116880357
6838,219586.75531781465
3797,219539.99454432746
2137,219451.69959782602
8584,219400.37517145165
8682,219342.0587143298
4732,219215.89459700638
2036,219073.49286385268
9622,218941.5747445636
6743,218855.39709365746
2174,218835.17519173125
2037,218810.68528788805
4035,218526.50135721912
2039,218485.0439093655
1838,218485.0439093655
1837,218485.0439093655
1739,218485.0439093655
1738,218485.0439093655
1737,218485.0439093655
1937,218485.0439093655
1638,218485.0439093655
2139,218485.0439093655
1939,218485.0439093655
1938,218485.0439093655
2038,218485.0439093655
1839,218485.0439093655
2138,218485.0439093655
9918,218462.3521472465
3227,218458.85600212324
5520,218387.54158406312
7702,218284.7957201587
353,218250.38191600144
1887,218218.61636922247
2097,217823.42277040577
1940,217794.09335490828
3141,217753.3952081899
3699,217717.72833678918
6643,217648.81491598362
6443,217641.58734321606
3127,217636.0209762429
3129,217578.37792761467
6538,217546.21161749738
7797,217448.09806587078
550,217446.38592480007
6543,217360.6663626618
2272,217319.76930098244
2273,217319.76930098244
2172,217319.76930098244
2373,217319.76930098244
2173,217319.76930098244
2274,217319.76930098244
5435,217274.29024088662
7475,217242.6909409784
254,216997.28260888447
1559,216786.31286534082
6636,216713.3973477355
5888,216704.5071976154
5083,216666.20854812447
4632,216655.02326800133
8630,216616.75545066388
6999,216558.75838368706
9113,216527.59676187
9114,216521.41433728405
8767,216486.9882206065
1840,216443.48332460324
9216,216412.62372439494
4275,216291.20942133164
4630,216081.70337135822
8354,215914.43429228215
3460,215827.95812591695
6515,215810.94861534712
8430,215797.79807729536
7498,215726.71110781442
4134,215609.38705305257
9213,215578.00296437947
7599,215557.33562752936
8847,215541.93639586118
7222,215417.50678167513
8880,215398.61322003906
4631,215396.60555465549
7132,215361.35792603038
2250,215183.78608398928
9415,215081.56842600118
8402,214914.45493141515
6086,214859.17487959648
1936,214726.35527785396
3024,214664.6741117033
7595,214658.97803503613
7924,214655.205978455
7697,214612.16079275496
7381,214600.91963905687
1489,214458.3151203081
6416,214352.89077746798
9314,214266.32044964793
5215,214247.89821188006
2365,214206.02476995077
2498,214124.5548771083
7598,214048.48575289498
9994,213953.34389204823
5434,213815.30609875955
1200,213785.80588881037
6582,213479.61554085644
546,213439.24917130795
1298,213433.76404934883
1297,213433.76404934883
998,213433.76404934883
1198,213433.76404934883
1100,213433.76404934883
1098,213427.16405239832
1299,213422.23542778162
1199,213413.98805187354
3225,213411.29447376746
4683,213391.3580293676
999,213203.5226104297
2978,213194.87552254563
9515,213130.57037330884
1197,212977.81275849085
8812,212974.47415400454
9416,212900.43343436843
9417,212836.18663294148
6837,212822.09288393697
1858,212782.21340751118
7320,212639.91243807686
3040,212628.66030368765
6935,212593.39593994082
6788,212496.64453910937
1488,212406.79018324337
6535,212364.64110034265
8329,212203.81851769664
6581,212150.8234568684
1387,212010.1728078181
1568,211978.21651943066
1637,211911.62813930848
7497,211899.02036704897
945,211895.4938551935
352,211875.5986499099
1487,211797.24457048113
7212,211756.01631751802
1386,211674.46424628803
6741,211635.01375836632
7801,211602.2289303635
6137,211600.98973858636
7398,211554.07152441106
8748,211548.47368011205
7596,211528.48632701993
2762,211483.7048285274
9344,211472.17974664475
3493,211444.30703113385
7499,211412.45794694815
9145,211390.65849988617
3890,211316.75641173185
7420,211313.18570821412
7698,211232.57778732196
7696,211226.73059354507
2547,211169.4529275686
1941,211078.06509912174
3064,211017.9765066362
2963,211017.9765066362
3067,211017.9765066362
2964,211017.9765066362
2965,211017.9765066362
3066,211017.9765066362
3065,211017.9765066362
3063,211017.9765066362
1569,210950.24608351957
3249,210922.02553813308
3270,210861.89341573522
9922,210742.3060486754
3499,210694.5872125412
453,210691.26772220168
6085,210508.48351463865
8256,210491.97007891018
9443,210427.06345484644
6087,210386.76224747504
1059,210376.17274649284
5987,210366.31587209544
5986,210302.21925809194
9620,210197.45248141413
9618,210166.41124256523
9619,210166.41124256523
9621,210141.8491170033
7758,210129.71624487493
9721,210116.3700778465
9003,210046.8781206343
9821,210022.2034736062
9822,210008.76103067218
3936,209962.98957796997
9722,209930.66886640326
6142,209870.96403565636
4784,209810.33134983043
6038,209731.34646545118
3590,209729.96396199637
3791,209729.96396199637
3691,209729.96396199637
3690,209729.96396199637
3491,209729.96396199637
3492,209729.96396199637
3790,209729.96396199637
3593,209729.96396199637
3591,209700.59679805153
7619,209619.4683287462
2073,209610.9059913775
552,209597.58583151794
2862,209581.668462689
3592,209554.14755051403
451,209389.1679834397
5789,209388.3441451867
4832,209355.28123790692
3692,209347.66134878877
9414,209336.96413558105
9728,209246.3630619214
6037,209227.56319974872
8129,209162.10392452608
1459,209115.76059406748
3693,209096.90929365213
3575,208980.18527025566
5493,208975.60256519183
7597,208823.20219956586
1486,208781.59141672423
6041,208672.60073721522
7519,208505.8235782451
6202,208474.14464292087
3170,208374.73264879506
2449,208324.4169885126
7717,207680.95898194078
3990,207622.08622251835
2351,207395.15874032583
666,207387.1973607915
9518,207357.0821871069
1358,207287.53113645964
6941,207046.70922673563
655,207037.9575410378
8905,207032.3381940406
7032,206947.45862179282
9010,206854.41153655868
354,206793.0076822745
759,206751.89742778128
6341,206649.7528408235
9718,206649.51417578422
2969,206603.6065845656
4789,206497.01835631373
7133,206122.65305419374
5835,206119.52000434455
2563,205923.4157065756
5593,205853.4488817793
446,205773.75954791452
8499,205765.03017619805
6516,205717.66700410002
3798,205614.1351765299
652,205550.29335638878
9413,205454.29307321712
653,205427.25490464582
2372,205398.42657584153
654,205356.7575914805
154,205163.56594442634
455,205147.89249355273
554,205147.89249355273
553,205147.89249355273
355,205147.89249355273
255,205147.89249355273
454,205147.89249355273
1097,204861.89327662246
997,204861.89327662246
4123,204693.74595313214
9144,204689.41287320698
9541,204680.78014169852
1000,204672.85520563668
6441,204644.47411124906
8728,204518.8396860609
7315,204407.54740357134
7215,204407.54740357134
5983,204142.7430931058
1493,203928.14611798653
155,203773.30935184832
7400,203516.77627413216
3599,203276.81242657593
9501,203195.885707562
9840,203170.7235619922
3891,203139.86990890116
7822,203086.77541117012
2680,203030.91008546832
3178,202981.01289057237
2880,202811.06340850415
9143,202797.76309370325
2879,202778.6507189654
9335,202738.44114223425
6842,202425.76199074744
7879,202231.1301664185
6839,202183.0497701167
3070,202120.9654511432
7476,202108.7657191755
1131,202062.55867394296
3922,202035.9261820469
2679,202021.62751697053
2183,202019.16325812586
1388,201988.12544924044
6733,201986.56095330746
8627,201964.74566873972
9516,201894.30588728306
6840,201877.01925793086
6841,201823.35670690628
1385,201800.06964940892
1024,201758.41638821698
4620,201603.8186297926
1285,201549.5176866203
3784,201450.77881830293
7301,201413.8102875423
46,201322.39893437215
45,201322.39893437215
44,201322.39893437215
6340,201089.2154320041
1974,200900.77410636927
9013,200825.63963086667
9521,200726.80158766516
2718,200706.3330087072
3741,200680.21002823897
9243,200646.5944839903
6825,200365.87041221876
4322,200327.70622964145
7330,200323.64818917046
3473,200318.3222929304
4323,200308.1530267391
9639,200009.03526709756
2085,199989.30403464212
7401,199976.21021379225
9312,199872.95375051597
9313,199848.24758500478
1099,199796.61043009668
2647,199784.5741537055
844,199553.0827389364
2567,199419.22368176497
7399,199369.07084198223
5389,199308.91806554698
7115,199264.07883004332
7314,199253.11201719503
9004,199243.31478125427
7632,199209.62405245562
1659,199170.51230238887
6627,199133.35797846472
8702,199110.77291543927
9112,198982.63229633123
9615,198944.4832425489
4092,198911.3455581968
555,198849.07576035988
8746,198819.77114181512
2780,198776.4075130635
1570,198733.42899320793
2580,198302.71228049713
4119,198242.92776981235
1642,198197.7523455686
743,198176.86998182154
3461,198170.06259518876
8103,198134.2182301151
3561,198107.6243780993
3371,198060.94308029878
2080,197850.52728648315
6339,197704.78140521917
8428,197656.1557187537
3372,197622.55173970212
1945,197406.97219144675
4034,197299.69469360262
2251,197282.22693960107
6699,197281.6764423223
369,197251.9908616543
370,197251.9908616543
5735,197182.9929292195
7216,197119.4716631323
8763,197090.71081697915
5289,197089.83328452922
1615,196869.66927547628
6843,196783.83561263594
8530,196735.4859727687
4790,196598.84472377138
876,196597.46812980398
7962,196546.1312549552
6093,196505.89492698945
2140,196455.00159147842
6990,196414.46760895167
9212,196402.46241099687
3792,196352.0461907522
8429,196221.3641895068
3179,196181.2230070052
5988,196009.118811804
661,195832.51325093283
3900,195714.5390674958
645,195643.2586597993
8528,195563.18042306867
4434,195556.47476293787
9616,195545.78315500042
8628,195507.50472461988
9617,195483.27922998872
8865,195394.18932272278
6518,195292.8726896375
5534,195164.449950885
5634,195164.449950885
5535,195161.74961503377
5635,195160.54484933492
6528,195037.58147895284
5536,195026.08697997674
8529,194994.84053932884
8565,194948.27852487194
8527,194891.43874887234
1345,194877.4970515959
7309,194876.98170722736
2779,194853.53871992358
1836,194838.51539938545
9209,194578.25396428996
2451,194525.49915199168
6924,194399.25981594255
1698,194340.67592385545
3989,194214.14147322878
8525,194155.66667485746
6619,194148.34867410688
6618,194148.34867410688
6519,194148.34867410688
6620,194148.34867410688
6520,194148.34867410688
8629,194139.9399084064
3793,193847.0484589948
6591,193771.03450082
7500,193746.0708858018
8646,193729.47763257966
7214,193720.9593683349
3049,193554.55635077436
580,193521.67269425277
8425,193500.44276230494
5183,193483.14034125023
1286,193357.286773548
2265,193339.81535577954
5489,193328.61600246953
7114,193326.57676100158
252,193240.3442219308
2750,193149.98706317332
2350,193132.1226111661
2651,193078.5082953588
2551,193078.5082953588
644,193054.44071387095
1982,192992.72279593785
944,192954.61718162696
3271,192804.09152173076
1041,192703.866295191
942,192703.866295191
1042,192703.866295191
1141,192703.866295191
3740,192605.7569108872
6690,192464.18429583564
3180,192439.85613500106
1140,192354.5226795567
153,191997.23530980476
6188,191956.36238246885
941,191881.44952508112
943,191751.92412344666
368,191542.30031102517
9244,191506.37246780502
9519,191145.67202341126
270,191017.77229178723
2450,190938.12055857183
1485,190817.6766095467
5836,190804.15683197542
1881,190782.942892426
4831,190754.11717307402
9311,190593.12861233752
9110,190563.71227288988
764,190551.11272279554
9111,190544.1065534
9210,190537.1561862288
3149,190517.133720148
3799,190423.18529242944
2072,190295.70278468184
1359,190278.55924976428
4690,190254.0296648513
5734,190205.63900399947
3400,190140.42246603034
842,190119.69029850053
8780,190091.6864197609
4791,189923.03438871133
7300,189870.37774504893
5393,189822.5314709128
151,189784.30155492562
3077,189773.444561324
1043,189746.2331452874
4285,189744.8329047968
9818,189626.8128198226
6782,189447.28796580457
4220,189389.64002932716
5623,189305.31457460855
1886,189292.41609796166
742,189250.54973531424
658,189109.85159966405
5589,188829.9326957227
8101,188775.60188736746
7823,188663.70344119784
2374,188581.47205027938
9800,188499.53751508947
7014,188391.42434342328
8225,188360.59299275535
6536,188209.00032505504
1142,188087.99110455846
2915,187999.24588555945
6719,187958.29612067816
2814,187878.13934804546
2813,187855.8053996263
9011,187845.43433518513
8813,187830.3679009777
2970,187796.92975936478
3517,187760.89155471156
9342,187729.28865385242
6242,187703.15927892932
1240,187677.96566511982
1040,187674.69804483917
2914,187641.44389798696
6943,187543.21028142126
8328,187500.30120752088
4100,187457.9946750821
152,187455.0847257135
1700,187317.50237955572
4892,187313.28756988555
4091,187274.43186766325
6720,187265.12463574758
7335,187160.9976328212
3414,187119.9805582333
7631,187114.42573150137
8582,187111.19510655967
8547,187030.42169898603
8548,187030.42169898603
8648,187030.42169898603
2182,187017.947440612
6934,187011.38987917043
9211,186920.37970612815
8647,186909.7756059937
7528,186892.48146738793
7527,186892.05637213387
5237,186858.6749669176
6908,186830.133662641
558,186814.23638804964
8747,186794.81875418534
2971,186767.84650848858
3071,186767.84650848858
6834,186741.89164542148
4000,186690.3683924683
3899,186690.3683924683
4190,186422.31426492851
6681,186391.61900784366
6824,186380.3481535373
7630,186168.15472531025
9012,186051.8137597198
3171,186039.03941531587
6833,186021.3689676307
843,186013.08873678802
3072,185881.93337582416
3073,185881.93337582416
2973,185881.93337582416
3074,185881.93337582416
2972,185881.93337582416
3514,185836.5836957357
1639,185795.05377504067
269,185784.25996345215
4090,185768.00776795516
3272,185402.9355246605
2815,185401.6944941388
7878,185365.43264132144
8911,185302.6021313578
8912,185270.11466426536
7628,185268.3852626341
4672,185078.2090939869
3817,184919.95700318154
2796,184914.27560967425
4495,184895.33579022987
3998,184853.50931421435
6682,184824.60885200286
3172,184767.35589459076
6933,184647.69044345943
3273,184625.66426372045
7149,184605.25683478685
6823,184583.05026437904
3075,184547.67511022484
2872,184527.6211301041
4098,184456.8315694492
3997,184456.8315694492
4097,184456.8315694492
3999,184281.022269174
3173,184256.96166747532
3996,184255.95687298226
665,184235.9022165925
4198,184233.39782432327
4199,184204.059251712
4731,184104.2990574093
8704,183998.17481964978
4096,183996.10493030256
4099,183913.91719358074
9310,183867.2257822496
7134,183857.80614563613
3174,183812.87703410714
3177,183796.5103571453
2381,183780.41554898085
2434,183726.91265414012
3175,183724.62397240766
3474,183668.83791013915
3377,183665.25060217883
3375,183665.25060217883
3176,183665.25060217883
3277,183665.25060217883
3378,183665.25060217883
3475,183665.25060217883
3476,183665.25060217883
3477,183665.25060217883
3478,183665.25060217883
3276,183665.25060217883
3576,183665.25060217883
3275,183665.25060217883
3376,183665.25060217883
3374,183636.3402111043
3274,183627.77074604455
2040,183571.7932499324
3278,183529.0006358606
3717,183259.6901788346
4292,183183.57522584632
1338,183138.54309358072
8913,183078.14804885208
2962,183044.62045010796
9331,183041.56230744722
3897,183015.4103257877
4792,182637.78423475343
3898,182552.07704591227
6932,182527.5022707938
2845,182438.61775857658
6119,182433.47379183205
2282,182229.8811169318
3600,182068.2945881965
356,182037.14947654243
8001,181549.6033906924
9580,181511.71227998493
9579,181511.71227998493
9680,181511.71227998493
5184,181454.02983455316
3896,181392.21937607657
2827,181374.56656593693
898,181356.6853496936
8902,181336.06761632228
2740,181186.85082568173
3515,181071.2965006306
4022,180902.41085810825
3892,180563.25866200772
6499,180438.76019215668
4197,180316.7937459101
4433,180276.13217241663
1958,180179.56118098067
3616,180172.2467573762
3516,180156.75432036008
6832,179993.89786336248
3615,179953.2998377249
3416,179923.3735171881
3415,179906.43709500573
841,179886.2659285224
8681,179872.4661476931
9900,179692.11190880937
2839,179665.74009881183
4496,179630.62020264173
2939,179394.94222448656
442,179374.33190865704
3716,179368.44855258023
3316,179307.72995160308
2941,179258.02343312494
2940,179258.02343312494
2840,179258.02343312494
2841,179258.02343312494
1571,179182.65192996908
3041,179173.31139244934
2741,179147.6703406693
2942,179133.3906408129
2435,179056.36724391885
7397,178977.63241884822
7627,178964.39846929713
2842,178899.0215255926
2747,178789.63206792178
771,178782.29216486047
3241,178746.54349662867
1044,178674.58726270884
4200,178594.0512602332
3988,178551.29555251048
1471,178212.93067021196
6599,178185.10105718856
8356,178090.22320158506
7352,177756.15469515356
7428,177715.8935294633
1239,177652.97729914312
1139,177605.09509507893
4089,177523.79153968903
3362,177495.80084301397
10000,177456.71581971753
641,177419.89997741123
5138,177330.63222049116
6527,177274.42309890958
4986,177157.89859478685
268,177117.90130753806
9436,176990.8009586809
2742,176881.13915427375
1699,176862.1503160978
7013,176552.8317000136
3783,176464.19521742302
7213,176450.95601767022
441,176402.41438702718
7113,176365.7616770645
7633,176343.18757732108
5984,176343.14390282865
7111,176315.12970268217
8427,176226.40427342424
341,176182.6634548252
168,176172.6980077292
7828,176170.125397116
541,176162.74250342572
656,176156.80153122803
169,176139.3178295645
741,176077.8791340694
7501,176062.78479441427
638,176037.73627545926
657,176021.85580115282
339,175978.0624111751
439,175965.40907871403
438,175963.80503969218
440,175963.1471619627
538,175955.17266142723
540,175954.5686610088
839,175953.17224711657
838,175953.17224711657
840,175953.17224711657
837,175953.17224711657
740,175953.17224711657
939,175953.17224711657
1237,175953.17224711657
1236,175953.17224711657
738,175953.17224711657
936,175953.17224711657
937,175953.17224711657
938,175953.17224711657
1035,175953.17224711657
1036,175953.17224711657
1037,175953.17224711657
1038,175953.17224711657
1039,175953.17224711657
1136,175953.17224711657
1137,175953.17224711657
1138,175953.17224711657
739,175953.17224711657
1238,175953.17224711657
737,175953.17224711657
1337,175953.17224711657
640,175953.17224711657
539,175953.17224711657
639,175953.17224711657
9517,175707.5724483488
3543,175664.08664425724
836,175621.96097791937
542,175547.7058127117
4692,175438.40799518852
736,175338.0666685108
8802,175206.65116962307
1235,175204.10595806764
2974,175173.9353744275
6440,175158.13716479618
1336,175148.80329914397
6439,175091.6318154678
3076,175019.72477576567
5188,174997.93383276908
935,174890.58082270253
3894,174796.50664247732
3992,174767.1276941572
4193,174765.16738126514
4793,174586.5966230134
4519,174340.4935972141
1341,174057.45016924324
544,173997.9444664086
6588,173934.66747995495
6688,173927.63511785478
537,173891.9816280518
6689,173889.77356862475
3500,173655.05052112587
5429,173631.4791991928
7728,173491.16831059975
456,173294.1336553918
1134,173252.7225525898
8805,172828.36711980426
5628,172752.86983679302
6500,172665.22539651493
9739,172654.7088481227
7615,172561.96460931466
7515,172561.96460931466
7616,172561.96460931466
7716,172504.08319987627
68,172437.26230754764
1491,172340.10325899275
664,172314.2431043239
4189,172181.08168459794
7088,172037.85481922506
3259,171985.44402416964
6438,171936.39437033446
4394,171862.4007405836
3800,171711.5795822879
2873,171692.54742675592
6732,171682.59057631044
9502,171633.8787506897
8029,171616.29446385044
7308,171409.80839504238
9479,171076.89171140257
4693,171013.77316938163
7601,170899.5904534911
2943,170774.8497487755
1160,170774.60631381927
7200,170724.2933934257
4987,170442.90097265053
4196,170341.48122688814
3341,170319.8322381051
2812,170277.85062057865
2466,170237.11299726626
897,170202.4079536134
1914,170011.485427471
1135,170010.3835038431
2870,169896.87612095577
2774,169895.71807805923
2959,169831.07399445225
560,169811.34714095065
6789,169730.12056610128
3895,169688.92970061788
338,169629.5217075652
8803,169518.3860488375
1034,169466.94754335078
8202,169429.80681986478
4191,169399.33443274585
556,169346.41271880126
7135,169326.75081222993
2819,169318.1391223133
9412,169182.1124817694
566,169060.01760914084
1980,168999.82603935388
1973,168642.27154993016
557,168569.8904456219
2579,168559.52277697108
1645,168481.0983616019
3700,168449.44965083562
4095,168405.956494727
5742,168372.04854412223
1442,168350.7812359111
4273,168306.69396808342
4293,168184.38624944168
4818,167950.87922261423
1143,167927.63494143495
4192,167903.52599433286
2463,167812.4900669853
5397,167800.06176276953
4691,167713.6028511443
8766,167608.13087004473
3994,167496.1638821471
6415,167452.41985917502
2871,167386.1523472876
5638,167371.63255068054
457,167047.12802543407
4094,167038.14318920887
2464,166842.2475700226
4392,166752.3026508574
4194,166714.95241298497
8703,166692.40962166165
4195,166501.95065519935
2822,166419.05785094993
1736,166377.49499265433
642,166372.7095066377
2913,166348.7391486612
5197,166278.7948460082
4999,166220.5898622695
4291,166195.7091262965
4298,166181.19779227124
2363,166164.70698879857
2465,166164.70698879857
2364,166164.70698879857
5283,166162.47631611416
4299,166129.7633158587
6615,166066.79276538698
2263,165975.02225361843
4318,165961.30945220374
6420,165895.07603277412
4391,165832.94519105452
5331,165694.26236715273
2262,165663.57041459339
6532,165653.36239922122
2519,165543.85468708238
2843,165255.0396217751
371,165246.35916960269
4021,165217.45559143295
7112,165061.83408934483
5594,165039.53947112328
3995,164973.77915055063
4296,164936.80004272397
4598,164930.3646321688
2550,164835.34718773022
4491,164777.0403969932
340,164743.88023180608
8326,164654.5089074896
5214,164300.27163605337
256,164211.6166052284
7233,164174.0347217213
637,164155.38847947298
5936,164135.76436100408
4498,164106.78093725708
6434,164075.15936574872
4592,164060.44275574843
940,163995.75736116702
7207,163936.14378255772
4591,163932.88234453578
4020,163829.63802835392
4497,163770.184890637
4297,163770.184890637
4397,163770.184890637
4398,163770.184890637
4396,163769.22012889042
4120,163697.17749382646
7232,163694.42978546474
2619,163663.1473813856
8765,163655.54390628944
8355,163477.9607187774
8255,163477.9607187774
5941,163463.67295364448
4399,163376.83227065843
2714,163323.80102108058
7221,163258.18033456104
6708,163226.71834208252
4290,163086.4788647048
2719,163044.76346020467
4295,163015.9342933647
6729,162984.14803571056
1438,162941.09090624057
2821,162900.86428752847
2721,162900.86428752847
2820,162900.86428752847
2621,162900.86428752847
2520,162900.86428752847
2521,162900.86428752847
2722,162900.86428752847
2720,162900.86428752847
2420,162900.86428752847
2622,162900.86428752847
2620,162900.86428752847
6808,162858.84930950095
170,162827.83527524525
2421,162700.44864884313
2715,162583.55935995153
4393,162564.83433659025
2264,162533.1741538677
5538,162143.55511238787
6600,162079.0968720917
4093,162043.89837708074
6521,161997.07368152015
4221,161918.93206975327
342,161847.69846974916
835,161842.58516770022
4395,161829.5406157266
470,161797.18560184815
7825,161729.37285278115
7210,161711.8757700793
7234,161585.25272818332
7727,161340.14492575557
2522,161045.56275508172
8102,160802.54746926206
2849,160504.62215656997
2016,160489.1036303961
7963,160217.23149899833
8903,160210.1184702359
4222,160171.02172317976
7235,160140.9484567211
5494,159786.56886316676
437,159659.08325913898
7031,159624.72761644545
3618,159417.89795554144
271,159308.87860499395
2678,159290.07285427116
1241,159134.37481745193
4385,159015.7503238755
543,158967.75146228602
2924,158789.80036582524
7827,158701.38069088274
6338,158555.47213377728
6913,158520.78783058395
467,158387.9842123341
1437,158380.00970423667
4590,158333.66625366098
466,158230.3400766412
4300,158006.18809587878
2165,157982.92479257513
2166,157981.8224558047
2662,157909.98629676082
5633,157716.07938733
5533,157714.73491363187
4121,157655.99303747725
1715,157505.40431919674
7220,157367.65290606965
2713,157366.32155404476
5086,157334.19288692254
4223,157278.5571898489
7778,157242.49788941108
2618,157205.04836011797
4122,157089.34827560568
5723,157082.59054022317
2975,157016.9634823541
2778,156867.4827755416
3014,156772.45959172986
1975,156661.21655932412
3918,156660.58906282965
2878,156609.93532805637
5902,156607.9772108503
8904,156594.09084298345
4887,156210.43524220964
1743,155989.35724730653
5497,155937.20811407123
565,155858.51234367478
2356,155764.3140957138
2743,155710.62963668557
367,155684.53500872338
2874,155655.82044132642
8501,155192.6070430891
2844,155191.3047130831
6491,155169.67721916572
6391,155168.31006422744
1987,155083.74723098765
2087,155083.74723098762
2086,155083.74723098762
1986,155083.74723098762
2976,155016.2171267879
8302,154910.67653636506
2977,154822.94378850103
1916,154772.06047799555
6621,154450.44457829834
6490,154450.21579313072
8804,154383.04721527698
5433,154369.36983244814
5597,154324.64531754082
2335,154308.6279686355
2167,154127.03685980308
3062,154110.21246597412
2157,154108.83554180045
6929,154098.34873932597
2777,154045.1708510659
156,153961.8214777667
2805,153602.74815606012
5595,153579.8299914423
5296,153508.33349372318
7334,153469.89406807252
5596,153453.233060508
5495,153453.233060508
5496,153453.233060508
5395,153453.233060508
6390,153450.71736506687
5396,153388.8650935272
6800,153298.74844786085
4294,153239.0094211829
6632,153116.62570878578
469,153073.6330969283
9912,153071.08056790312
3159,153038.93581498534
6904,152955.5049321722
2776,152905.53712301515
3445,152894.74669903258
7629,152869.945540456
7008,152740.91210704512
9514,152694.758440735
6088,152545.82630379807
4088,152477.30047076324
2419,152473.62159081176
4788,152373.69717680934
458,152367.13240504198
4492,152304.7974991405
7108,152254.63676680834
1538,152195.15175621843
2875,151994.97641038668
2876,151953.9462854226
2677,151833.64370828567
6718,151400.7315931682
241,151325.15532905463
2949,151305.1814246664
5992,151153.17149019497
167,151085.027559356
2650,150901.75514892492
871,150895.00129112534
545,150776.09494684864
267,150744.42437532233
9332,150709.22359796823
1782,150671.1860800598
5394,150630.442528175
9429,150539.27993883833
1978,150418.0323562758
1271,150116.7312502354
8581,150070.81528566038
8526,150017.81831498997
1979,149995.97884955019
6421,149984.49166448522
2877,149981.83870069383
861,149937.62089276442
1880,149900.05120585577
4418,149759.98804517905
4976,149729.52520810525
3519,149505.8966236976
5087,149501.91085969898
3413,149404.42003066355
7776,149260.44755881163
8666,149218.57545577356
4597,149008.81305105955
8665,148987.5168477289
3893,148969.82270409504
6320,148934.7334312292
6221,148934.7334312292
6322,148934.7334312292
6321,148934.7334312292
2362,148916.73489952076
5537,148909.76671653282
1145,148873.39992617
6589,148691.9591742121
4087,148625.3362292808
2775,148553.42048666437
2206,148464.43636199605
6900,148447.19056979395
9306,148412.66570369469
9513,147925.1714457809
2320,147780.94508220616
4694,147739.4102124242
3991,147690.77510951992
6389,147611.4063171886
9343,147499.7459384885
2604,147458.02190695328
5295,147457.28864064103
2605,147395.50195809136
2704,147339.0562737808
1162,147264.91028870866
1161,147264.91028870866
962,147264.91028870866
1740,147216.8701290054
5000,147198.6086156512
9442,147103.70495167
2235,147059.60390977564
2135,147013.69649017605
2306,146996.13821768528
7219,146845.642826805
5516,146770.80045873587
2305,146690.7689071191
2706,146624.36919587353
2506,146624.36919587353
2607,146624.36919587353
2405,146624.36919587353
2606,146624.36919587353
2505,146603.85753115875
1062,146552.6942244695
2406,146535.29420186917
7333,146509.3623816539
4484,146399.5062579977
1242,146266.24199558434
636,146067.49574501134
2205,145924.15682342811
2727,145916.10459470504
445,145774.7086468179
1977,145762.99190528164
357,145753.86439600418
4594,145743.97423850212
4390,145675.0336206818
2626,145574.47068300878
1384,145482.23250314363
5825,145478.178888457
976,145468.05832188536
8664,145408.73344060066
6590,145284.45035694493
2507,145276.8626591283
1144,145257.33095309473
7777,145233.1984243948
2726,145215.63215480468
5937,145209.71306010123
934,145084.60402408577
2207,145069.8249902755
2307,145044.2982459688
971,144804.32305204566
8201,144759.6800582735
7208,144700.46851769183
2424,144569.82157344624
6923,144463.5484765346
2480,144463.32154334517
2504,144453.78830811262
1565,144446.51406922043
7434,144323.15351656306
1879,144221.9732104772
1061,144194.0952543827
9307,144160.56551685397
7452,144071.5083715168
6220,144067.05871010284
2707,144039.82610194455
6988,143671.46036705544
7009,143628.728060424
2525,143575.07182202282
5483,143521.82768433742
7217,143476.72705781518
7015,143068.40380585648
7116,143066.41100909744
9309,143043.91025118058
4689,143039.0197456818
8680,142945.57849117526
6301,142909.63210080838
8579,142830.02893850545
3718,142690.4792883718
1875,142333.64533667732
1772,142324.90350289238
2334,142307.8818527923
2823,142283.1187366422
6422,142272.5852258894
7209,142217.85285991544
3042,142164.94434434397
2079,142050.46430433428
1344,141992.28146256204
7110,141989.80085046313
7109,141989.80085046313
5292,141909.3174925014
3247,141786.88349367122
3248,141786.88349367122
3315,141625.8459781936
1878,141564.83972034714
2134,141535.40512101215
443,141513.7519388161
2804,141503.6943810623
240,141394.20562343142
3441,141392.0863637612
1537,141356.42858004686
4493,141349.7776288801
2078,141348.1952812894
5904,141190.7823792563
5893,141165.3360178399
9813,141150.32544052813
69,141099.33225079233
2846,141062.11587765953
2107,141027.8815661822
1245,140992.91041331508
2281,140989.72213095656
1343,140957.73382414575
1342,140957.73382414575
1243,140957.73382414575
1244,140946.90689701028
1872,140875.9584374106
3513,140814.13162466767
862,140574.03455016518
8301,140551.20707727878
1871,140501.53002937697
345,140371.1331323065
2035,140310.0211739789
7100,140031.08105978768
1877,139998.37626319367
1669,139914.39646284102
1640,139850.6567278664
43,139849.3337109883
4499,139826.6059145709
2066,139721.75095100197
7928,139685.62347165047
2508,139669.4297964602
2826,139595.50522308378
1674,139544.7696619422
2234,139504.7159966928
6203,139388.3774799664
1673,139387.99885389287
7011,139365.4252453095
9717,139352.59224872838
8580,139090.59714124378
2806,139079.45859131875
961,139078.66113356495
3715,138978.84167548103
7218,138965.42759591824
2905,138909.24617739578
1759,138903.75900145134
4596,138813.34271819046
1876,138798.20777647206
3818,138775.259442043
1672,138768.24250406915
7012,138758.11690320974
7433,138733.58602011405
8228,138718.76679508862
3816,138671.1390945953
145,138582.1038431206
4886,138544.38333591004
4019,138491.59914184426
1971,138431.1842265618
2423,138401.91686805323
9927,138313.68053289835
5098,138283.94788371964
1675,138255.13387633523
1775,138255.13387633523
1773,137885.9589998026
4494,137874.0444386868
7534,137843.29375337178
2407,137820.06169542397
366,137591.53830256537
1771,137439.82917961213
6216,137169.05793925672
7533,137138.1454660095
8127,137100.3162905618
8126,137098.31701163575
2075,137096.24543507711
7821,137024.2188103818
8128,137009.26415178395
8028,136989.85809876566
8027,136930.61989200165
8778,136875.21347713962
7117,136775.20662566842
67,136705.94779698373
4595,136695.43889105698
3822,136636.98113875906
643,136394.71630763885
9941,136387.9673297726
1677,136369.5024630512
1576,136369.5024630512
1477,136369.5024630512
1676,136369.5024630512
1578,136369.5024630512
1577,136369.5024630512
1776,136369.5024630512
1678,136369.5024630512
1777,136336.11900158724
5724,136219.10829860027
1844,136128.34091778586
4490,136108.31850956936
2462,136096.9733644022
7010,136089.7723152862
1779,136070.70168922207
1778,135996.03821259856
1780,135961.95359141528
6805,135879.293863165
4593,135844.13568276944
1573,135664.71324486437
3162,135614.2159070837
3360,135339.3138228088
7927,135331.74997782565
3614,135304.8135168134
8226,135268.86248785825
166,135243.64567014805
266,135166.84729600567
265,135166.84729600567
365,135166.84729600567
1774,135143.49215882766
8227,135141.25093249726
8679,135087.08711353788
6036,135084.8933298924
3921,135057.17820497317
6723,134939.81053712874
4576,134936.63978476208
1060,134929.78558280476
2608,134925.60292259054
465,134728.80505864738
567,134658.52672133202
3146,134640.93827079
3148,134640.86799043536
2945,134640.86799043536
2946,134640.86799043536
2947,134640.86799043536
2948,134640.86799043536
3147,134640.86799043536
3048,134640.86799043536
3046,134640.86799043536
3047,134640.86799043536
2847,134634.21631220655
2848,134567.24720497325
564,134485.69510334762
1679,134464.5988704476
6724,134450.28339449494
1670,134437.43319873436
1543,134403.82738972138
9830,134220.06089459997
2705,134213.8780141839
4808,134152.23444938016
7332,134147.75483028474
2408,134139.60991392087
5702,133834.70575180202
1476,133736.78725483172
1572,133445.0062538799
1671,133440.58185126103
2556,133388.48451538276
1474,133289.47320614939
9539,133259.53431840974
6092,133102.20110244522
9932,133082.9663444609
6118,133079.71424315308
3993,133025.44439394312
5840,133019.54928156553
1371,132939.1771644615
1542,132897.83121055007
3722,132842.91446551582
2749,132739.8484171965
1643,132727.66886923354
1644,132703.39772623006
1745,132700.92296215668
1845,132693.1123524067
1744,132693.1123524067
4187,132673.5433687999
2164,132580.14759476305
2308,132577.21277605995
372,132453.70431825958
9931,132319.06164504413
1970,132215.69232127382
1870,132187.85126278142
9933,132037.6248273144
8864,131927.71265446203
4612,131894.5201074426
4313,131894.5201074426
4312,131894.5201074426
4511,131894.5201074426
4513,131894.5201074426
5903,131851.80690112346
4411,131823.29584665227
4512,131817.563061332
4311,131803.07661054106
4611,131714.40289704947
4711,131712.8563741485
4412,131663.6489690633
4413,131663.64896905725
1976,131497.01477579318
4707,131432.0009230293
471,131363.18019930064
9930,131333.8024619814
9928,131289.2160950384
9929,131289.2160950384
6136,131211.0784323116
2473,131191.61377562172
1579,131112.04131720235
1770,131065.55281424787
4710,130976.82547792142
8327,130859.91043881237
1574,130781.55175843099
2171,130762.70351712166
4410,130757.3411318268
2748,130747.69499326394
4188,130666.13989912967
2175,130657.48120207747
2067,130552.95278402591
2208,130448.49952118144
2807,130386.59025019486
1575,130349.26141331223
2648,130263.61060668025
2649,130263.61060668025
2548,130263.61060668025
2549,130263.61060668025
4118,130031.52521410071
2708,129954.64894635839
6700,129940.57459970514
1969,129934.1457711684
1967,129934.1457711684
2068,129934.1457711684
1968,129934.1457711684
1869,129934.1457711684
1868,129934.1457711684
1767,129925.80707268346
1867,129912.87378665662
1769,129904.53508817313
2275,129882.04237322674
6437,129866.49649234953
468,129865.87122336445
1667,129853.66969817245
4510,129843.65624488004
4809,129770.66570027513
1768,129726.42646348689
2070,129583.00395534554
6004,129553.53539680026
165,129546.12029657328
2069,129541.65390240714
9629,129337.52874927939
4186,129219.35236809442
863,129094.49207376169
1972,128846.97470225401
5584,128793.85292368723
6489,128734.51484662866
9911,128707.64122409787
899,128635.3241711052
9831,128611.95575437325
1484,128380.15429545387
9934,128265.18252418762
2509,128182.86829791205
3361,128129.84596057123
2808,128103.91543851605
6112,127950.48967236071
6212,127844.56623993002
4708,127792.55890851229
2709,127644.29668442754
2071,127642.9571313903
2773,127563.65043006476
7201,127538.87390811316
6721,127530.5089499427
6309,127367.8170430533
464,127002.09029131618
8026,126989.57836649555
6514,126971.76146085425
667,126886.10379300271
2926,126878.83531842458
2472,126806.75729418974
5176,126788.86208234755
6302,126773.37195551465
1915,126657.9689109999
1815,126657.9689109999
6909,126402.03498801163
3262,126264.84073181289
2058,126230.37928099153
9829,126219.2113385257
3246,126172.08925309844
6310,126038.65327429252
55,126017.17487656113
1478,125762.7803460337
1668,125757.6411848046
66,125731.45236770435
2609,125716.14290963506
2267,125679.53138787141
4414,125524.77124855261
3124,125524.22017756056
2907,125434.8158932403
2121,125237.46461687349
6517,125166.29751381565
5075,125151.56450587552
6237,125133.49979724533
7000,125064.2574773818
1866,125013.86851307617
1766,125013.86851307617
1966,125013.86851307617
6910,124943.46059506916
1666,124869.96718229688
4509,124762.27356868822
1473,124703.85508798312
6409,124674.18531032605
3045,124595.2246934005
1263,124493.26185917428
2625,124389.72661549137
7532,124375.23699737377
2108,124288.12969826294
735,124281.9296314715
9729,124130.64112858348
171,124112.03711003409
65,124087.5909433756
4310,124003.94211775708
5790,123830.9735680746
6629,123768.591824404
1781,123756.00232806397
174,123731.9300559817
7826,123694.811510748
272,123653.90111672861
8779,123635.83738099271
1372,123592.66168835261
50,123587.91510813369
4314,123539.88342532232
9736,123461.1710620849
9503,123416.73638189182
6236,123373.29328739356
1472,123257.29700583141
570,123206.8205951106
6222,123187.00746229828
6312,123168.37256237472
668,123126.32572150903
8700,122981.90640715777
5841,122944.79110134105
7118,122923.2294637018
9828,122796.19212695063
6135,122736.11889567341
2523,122735.29301025724
275,122623.4123626508
378,122623.4123626508
78,122623.4123626508
279,122623.4123626508
79,122623.4123626508
276,122623.4123626508
274,122623.4123626508
374,122623.4123626508
77,122623.4123626508
375,122623.4123626508
177,122623.4123626508
178,122623.4123626508
75,122623.4123626508
175,122623.4123626508
176,122623.4123626508
179,122623.4123626508
76,122623.4123626508
278,122623.4123626508
273,122623.35630383885
376,122617.00282405604
373,122609.50378657888
1287,122587.01043117935
74,122575.5163749187
173,122558.1148508929
172,122514.8084570879
1373,122432.4252976919
7925,122385.70337151282
4489,122320.956332607
6012,122312.38503614163
2906,122284.68455861043
9430,122246.98342017503
4485,122238.78584284897
9614,122071.18769818693
379,122012.10938188937
4288,122002.43809147908
2014,122000.9041176431
73,121999.03345635631
6311,121972.45903141609
6509,121947.18465977993
2912,121783.04482879912
3821,121781.35354444572
6235,121764.88613111079
9529,121551.83216402095
4389,121521.5699030538
960,121439.40888293776
3920,121397.13045557837
4289,121376.52789750264
1874,121368.75688871025
2411,121267.78394208834
9636,121121.48895020489
277,121114.87102011843
300,121089.8134722408
4488,121069.89688414944
98,121044.44774280605
4787,121036.50563080738
1272,121020.4961438559
299,121005.52264792155
200,120998.43195978775
94,120997.5817599977
97,120997.5817599977
296,120997.5817599977
96,120997.5817599977
95,120997.5817599977
298,120997.5817599977
297,120997.5817599977
99,120997.5817599977
195,120997.5817599977
197,120997.5817599977
199,120997.5817599977
198,120997.5817599977
196,120997.5817599977
100,120992.97131788748
9333,120815.6841693351
4409,120782.48323816816
5842,120759.64873569265
568,120681.62294941176
1873,120632.30601899423
2077,120527.26835270713
2034,120459.91103657383
7432,120444.4211245513
4386,120430.56143819208
1436,120327.66440605246
3125,120163.91379587483
4810,120129.04255513892
4589,120057.01559087262
4388,120046.05633569296
2110,120026.19019117224
1912,120026.19019117224
2012,120026.19019117224
2212,120026.19019117224
2010,120026.19019117224
5116,120005.16116529737
6208,119911.23069780323
6435,119908.3628045007
2013,119884.91220512691
4487,119754.26542270283
9915,119741.3573311476
569,119715.90066717847
2811,119710.10006008063
9730,119709.80866065435
6989,119636.85173745689
3126,119632.9763480709
6614,119617.42139633863
2112,119579.03738863383
1383,119474.88886432219
2111,119429.00578739305
4387,119396.88778692966
4514,119360.22408728884
2211,119222.21854886191
397,119192.06790493226
712,119111.86659638929
7926,118972.13796365162
396,118944.12206582626
2009,118875.14750754865
2676,118848.45382979547
2518,118739.97267607447
2772,118727.41623387141
2011,118662.43254351088
2944,118588.05700397087
6408,118557.04781243105
2627,118516.54886899485
7529,118343.27012389021
6608,118245.93784281096
6911,118241.52033844174
9938,118206.235992866
2712,118111.82420390255
6207,118101.9833718003
6508,118101.9833718003
6206,118101.9833718003
6308,118101.9833718003
6307,118101.9833718003
2526,118052.22890504383
2109,118045.83293619071
6306,118029.52004619727
2511,117942.47249173628
144,117841.88106414214
1374,117794.14140822677
4287,117518.33248749409
4286,117518.33248749407
5196,117514.87208019213
1376,117489.37679822226
5791,117380.51989428392
6410,117376.80768680843
7331,117376.23094246747
2312,117369.00386313329
9832,117345.24489369124
180,117326.81538973252
2524,117287.94494133793
5912,117225.19472659913
5383,117188.72385595107
6407,117101.60710723042
1814,116983.79713791718
1483,116944.69722842475
5733,116932.31579016976
996,116906.6104565514
4807,116901.4879458796
1680,116899.87748048228
2180,116899.59805212832
2409,116849.6689244856
4610,116819.62610032313
1234,116806.81980643203
860,116737.77510424246
1911,116532.76843910136
7016,116417.11682603927
2404,116409.29504016259
5187,116387.40698715406
4486,116373.17233600508
2210,116363.26306137108
474,116192.9905382032
2398,116107.87901995113
4613,116080.43926784121
6436,116066.94973526169
6337,116062.29196630107
6336,116062.29196630107
6211,116003.58376302118
54,115980.5335090178
9431,115976.09586539863
5076,115954.01121379263
6334,115864.2949549342
398,115769.17275040908
561,115754.63731540949
6725,115636.1512609924
444,115564.78532679737
2113,115517.5191520017
2510,115463.88247835719
6335,115456.89364900916
3224,115445.67420596206
2310,115434.04711930899
4909,115291.97391193692
3721,115170.07787763809
3712,115064.31798692555
2311,115048.14024525895
8025,115036.28939452065
2422,115027.75163266616
2209,114974.00332251548
9435,114937.71109307777
6411,114863.98995252422
2703,114760.27995341882
2309,114706.70865857696
9432,114611.62553098182
9532,114584.53980634404
9732,114581.71075101307
9630,114581.71075101307
9632,114581.71075101307
9633,114581.71075101307
9533,114581.71075101307
9530,114581.71075101307
9733,114581.71075101307
9834,114581.71075101307
9833,114581.71075101307
9731,114581.71075101307
9734,114581.71075101307
9531,114580.47823408766
9334,114578.3161317906
9631,114578.31613179011
9433,114567.8394794559
9634,114564.88395603305
9434,114564.7844087237
9635,114555.37592136509
9735,114550.56491866401
9534,114538.03360945685
4712,114411.84376899488
475,114368.44585207665
6111,114295.56820188813
2710,114180.45310141964
5185,114111.75659089252
6209,114091.89009305525
2015,114001.803306435
1395,113955.41907745594
6829,113762.19477469112
2809,113550.37375412868
3557,113502.99689400438
6507,113439.65632957521
364,113412.94899718213
781,113339.34964911302
762,113313.9361742243
5792,113292.52970953299
2723,113045.24306368206
1475,113041.10679137941
5430,113038.6162054192
7122,112901.04939368353
859,112623.4139347791
5213,112465.45411588807
1464,112362.5866187168
3820,112339.93491095345
3619,112286.57297099043
4975,112285.822112912
1898,112234.76159673593
782,112169.8974932226
4515,112115.63062752147
2163,112103.0771821214
4117,112101.9268742052
6425,112092.29745844385
4616,112031.5989323557
6210,112030.1145497625
4516,112020.07189735309
4619,112019.6276816928
4719,112019.6276816928
4618,112019.6276816928
4617,112019.6276816928
4718,112019.6276816928
4417,112019.6276816928
4217,112019.6276816928
4517,112019.6276816928
4416,112019.6276816928
4415,112019.6276816928
4315,112019.6276816928
4316,112019.6276816928
4317,112019.6276816928
4216,112019.6276816928
4518,112019.6276816928
4588,111999.02105834395
4688,111990.11715488302
1261,111843.80450206091
2629,111806.40790044183
4717,111642.41109539002
9535,111617.5999047277
8879,111528.10302991449
4685,111459.79584246188
4684,111459.79584246188
4686,111459.79584246188
4786,111459.79584246188
4785,111459.79584246188
4687,111459.79584246188
4586,111459.79584246188
4587,111459.79584246188
4584,111459.79584246188
4585,111459.79584246188
8125,111166.519014126
5621,111144.68938178242
295,110975.00545907664
2771,110748.43589586373
6017,110571.30235306361
3114,110552.93525528803
536,110368.46800359535
6117,110256.390540587
2168,110145.17276324023
80,110143.0647538672
2961,110141.41615736955
1382,110098.90149098479
2319,110097.82466272572
4211,110073.31237663918
1913,110032.41405770126
6011,109996.3260386746
6423,109978.01546312521
9538,109965.00844329041
6622,109956.09098786369
2412,109951.56256116001
6914,109916.62249191148
6522,109771.55600046976
4116,109675.32988515212
2410,109651.03150205717
479,109626.68992269103
343,109578.63024367663
3641,109370.24819303931
2213,109137.44017720912
959,109083.88046234765
473,109015.31535452046
476,108972.25352939124
2861,108958.04380177907
4709,108859.48186371861
5812,108804.64095532394
6406,108656.43055107108
6424,108628.2753591723
9308,108555.21152517264
882,108533.25234995602
2725,108513.48910941981
3521,108397.32402177074
242,108265.09735816707
6234,108257.85244652223
883,108234.86032022248
5917,108217.82219911121
2162,108171.5572750066
4400,108164.54714001132
6018,108151.79628738736
1072,108081.93870116227
56,107975.48956853087
4017,107903.53783699857
6205,107833.73741606383
3621,107833.01081569138
3720,107796.41620593992
3819,107780.81901727221
3620,107780.81901727221
3520,107780.8190172722
3719,107780.8190172722
1813,107755.78950986936
2770,107714.38239478815
6109,107711.36178998568
5585,107698.4734704229
6412,107640.93034370831
2133,107612.78976824514
52,107600.56086962376
6524,107592.66205762407
763,107561.41560005992
7429,107458.21572048168
6010,107452.764717702
5911,107444.57802066015
5910,107444.57802066015
4215,107404.39247147698
5811,107393.56863647519
5823,107367.14587415877
6523,107345.39640021294
669,107330.4485143513
6110,107109.29879432527
8426,107030.42590721352
5711,107005.34001284378
2321,106830.75216212572
5813,106807.21268374071
5916,106774.73641765196
2925,106765.75393123021
6525,106726.50339526954
7531,106713.42486795662
7430,106711.89696351257
7530,106711.89696351257
7431,106711.89696351257
2610,106530.8466339482
8400,106468.1733417767
6526,106435.81667939306
9536,106313.15773050324
6625,106213.91454474509
6624,106213.91454474509
6626,106213.91454474509
3008,106197.40733447578
6623,106158.6690628281
6192,106143.83105104664
1262,106014.16720135046
3061,105956.87516734269
2623,105809.45945526463
72,105715.52654565511
6889,105458.05233218147
9812,105344.94290231496
2624,105275.88135295367
5017,105114.26682291155
9637,105002.39707940078
2810,104897.68118590376
5588,104826.40866253279
280,104790.00584311582
337,104710.2091620184
472,104685.8631470704
571,104557.12909812947
2512,104446.63790921064
4305,104390.53483343816
2479,104295.88574940892
2724,104231.96750284312
5484,104217.11486336359
9835,104184.76174259206
6609,104164.78023374303
2825,104116.04351769634
51,104067.57746558228
2418,104011.65918993049
5712,103865.05309131621
6912,103852.59913294025
53,103821.21345813945
478,103620.05533564917
3060,103581.6288253503
3261,103575.38933307717
3260,103575.38933307717
3160,103575.38933307717
3161,103575.38933307717
4508,103498.5606713575
1273,103488.81059178246
239,103378.31445406607
4205,103360.41572380418
5438,103162.16701901481
2612,103101.5574322958
1375,103026.84394482509
2562,102831.12945498043
1377,102741.05686791413
9411,102730.48553709975
2271,102604.50006159193
3919,102550.57118691845
1859,102464.69644403196
7119,102425.75456129067
1335,102227.00590199111
1076,102204.34161026226
6426,102169.95475355738
2611,102136.34189929246
2711,102069.24248101682
9305,102028.99580382399
2578,101969.21009320898
1173,101943.24715279708
2233,101886.83677154474
6722,101790.09450138823
4105,101741.42467499612
1816,101729.7726939746
1812,101704.04921493727
2313,101669.98291348814
1490,101658.64344791228
399,101625.05676710869
670,101606.1591204209
4706,101546.30594515786
6709,101477.91607661979
4306,101373.56096576803
6315,101349.64241627384
5195,101317.78452181115
1174,101284.69337440442
4206,101247.37519875912
2824,101131.55619260206
4407,101053.36240151252
4204,101024.54909005926
477,101016.72723584356
1714,101013.84516709374
4893,101007.01196499438
1172,100926.06328595376
5722,100906.74487512354
5816,100778.73870786604
4309,100566.8528504239
6822,100418.25912588133
5485,100389.91770434895
4106,100219.86550253496
6915,99953.84653745795
2617,99946.41446584219
2909,99945.63807696832
4018,99877.20393534494
5701,99809.95423307078
2414,99673.58175925375
6510,99659.54598428957
5587,99631.80936380128
2008,99610.80748370603
6817,99584.44562603602
6918,99584.44562603602
6917,99584.44562603602
6916,99584.44562603602
4005,99483.02977144587
6818,99437.3172860453
2615,99336.26140415564
2960,99317.26765108324
344,99300.2569027416
4210,99294.57916245087
2218,99237.98661387544
2318,99216.08438384961
2216,99216.08438384961
2416,99216.08438384961
2316,99216.08438384961
2017,99216.08438384961
2214,99216.08438384961
2115,99216.08438384961
2317,99216.08438384958
2315,99216.08438384958
2314,99216.08438384958
2116,99216.08438384958
2215,99216.08438384958
2516,99202.38865504488
2417,99104.53606025489
2114,99094.43767909335
2517,99086.82322198976
4104,99003.54622961793
3806,98895.0886159198
4304,98895.0886159198
3807,98895.0886159198
4505,98895.0886159198
4504,98895.0886159198
4405,98895.0886159198
4404,98895.0886159198
3707,98895.0886159198
3808,98890.04484857093
4605,98861.09717907643
3906,98792.98533479305
3708,98791.72680742366
4107,98770.07959388105
3908,98764.9797446929
4109,98756.27037745393
2217,98755.24679459484
3905,98707.97383018173
6816,98699.30375894363
9537,98694.18662002507
3907,98607.9701666451
4108,98600.62016578446
4209,98544.79086460684
4408,98500.23911164481
6819,98498.4954831213
5741,98497.61436195958
677,98399.82328555213
4008,98398.31606776694
2616,98335.6675556447
2119,98266.32000875716
7018,98237.84986827758
2513,98234.23788727193
4007,98112.99473492689
70,98104.18354543511
380,98102.37961660807
4773,98069.09186993478
578,98030.27019827154
1275,97990.70280654872
4203,97936.53535414141
2515,97901.04668269002
1274,97810.47960843224
1175,97796.38140766467
4606,97774.75724860695
1910,97702.65634726145
577,97663.55041893957
3909,97663.1901208297
4208,97627.80530203399
4308,97616.52742500417
2415,97580.79706439751
4006,97554.93507604425
4307,97554.00119332722
6009,97517.1639691046
6016,97399.56938729595
6106,97366.71325942322
6809,97350.5918360693
576,97297.5311157286
3145,97277.31259767039
2018,97250.75046032706
4406,97178.09541490894
264,97163.68680745045
4375,97119.42535997761
6919,97090.33136849114
4110,97063.58417064014
579,96923.37499594469
9935,96904.65169957725
2425,96894.02066575676
7017,96870.62728664868
2118,96853.01286240644
2106,96719.82438207338
1580,96597.38996253518
4009,96572.64196889044
2613,96570.79615137316
1482,96553.02346418372
2219,96473.34786249904
2904,96438.76779879055
3025,96423.36879439952
1389,96276.65547633755
4303,96171.38602066942
7002,96164.71936341395
6104,96161.21327034294
4506,96074.38649544399
4212,95985.21270893468
5827,95960.9028233495
5828,95924.55194347445
459,95851.28897663677
1539,95844.47275661917
5288,95830.64798407978
8401,95826.94986947755
5824,95821.44210164824
8500,95815.82231367593
8600,95805.87136903536
2529,95786.88304227577
5803,95686.83668783374
896,95674.03661078292
6710,95619.90843524781
678,95586.57858477384
4599,95514.16197372187
5586,95483.10379113992
3006,95430.5205309226
4207,95358.1267031647
5727,95290.3294709197
4274,95236.40372526718
6289,95196.24501641573
5918,95174.42328218883
3410,95094.95757013794
6120,94967.96974838235
2514,94923.90944378077
305,94904.6416029402
1074,94897.97586656381
6607,94848.4549596061
5294,94826.17117835587
2375,94807.62062288306
9404,94738.37104653132
461,94729.39483786796
5928,94727.56374181216
6105,94478.19180162922
304,94462.94567960246
975,94436.22255407507
3706,94434.5482522976
460,94422.63124374318
245,94368.6470425096
306,94357.66508267669
5913,94107.72269371584
2614,94075.87959649254
2413,94017.59021358866
307,93933.88198365428
4608,93918.71629522466
572,93909.58688151698
2380,93890.16547609931
2478,93850.2674867442
2280,93791.2586207797
2379,93791.2586207797
308,93790.79800830244
205,93772.85160563505
203,93769.03880767521
8,93768.32939110507
3,93768.32939110507
207,93768.32939110507
206,93768.32939110507
6,93768.32939110507
209,93768.32939110507
208,93768.32939110507
7,93768.32939110507
9,93768.32939110507
309,93768.32939110507
204,93768.32939110507
104,93768.32939110507
109,93768.32939110507
108,93768.32939110507
106,93768.32939110507
105,93768.32939110507
107,93768.32939110507
103,93768.32939110507
2278,93763.10509600527
3805,93692.1436898549
3007,93683.41169720674
2178,93671.91927876972
2279,93666.42369493983
671,93666.13390968188
6116,93621.68045286617
2179,93608.27702743736
201,93525.5637349598
4604,93372.5556384893
2,93368.38838896363
3809,93351.94433203212
101,93173.6175302411
1,92992.6665800463
194,92898.40257364063
2571,92876.44378605057
5487,92832.31539217365
5101,92814.0067495485
1073,92776.22849261176
1284,92719.7122311497
4812,92690.63153225597
1627,92673.16917007229
4004,92581.78381717062
2378,92434.56749953743
71,92244.23290369568
6108,92134.94801968276
1460,92120.47203220594
3409,92114.90979776366
6113,91984.69355265594
303,91941.41104059687
4,91904.38158842265
7120,91816.46696265358
776,91815.61845969253
3314,91665.4598697499
5488,91626.1957698651
3608,91482.57581479971
2910,91458.92283830042
6107,91403.052498236
3043,91345.81268238816
8764,91182.40778713232
143,91121.35150712235
5728,90908.15613315113
3211,90828.52671847785
244,90580.6231912907
142,90580.6231912907
6305,90501.78479863414
1360,90410.46663714989
6512,90381.51736051214
5384,90319.91825544645
58,90094.81643979497
9839,90061.14437777255
202,90037.26380532463
5601,89985.32039894251
5502,89985.32039894251
5501,89985.32039894251
5602,89985.32039894251
5402,89985.32039894251
5486,89879.85374999658
7001,89860.27548155561
6019,89794.56620990072
1033,89764.53828003873
2117,89653.72648571768
4475,89577.94160943618
5186,89577.91115074499
5387,89568.80229680375
5286,89568.80229680375
6704,89551.9111575532
5993,89535.7006777099
4615,89524.37164686137
6903,89520.21437139707
6804,89520.21437139707
6803,89520.21437139707
6703,89496.35325505097
6902,89482.90778185258
3310,89452.13341890072
5386,89431.69278130367
5385,89415.22272194143
783,89386.09608147445
4716,89370.95063036065
302,89286.46104995842
6820,89282.43951201274
9913,89267.4607458492
6414,89158.9406527005
2911,89056.44560134859
2277,89034.13233196626
4817,89016.32027979752
2669,88968.25423775178
9737,88920.38396204053
5889,88917.12544541337
3215,88862.36106928869
2430,88859.15206913659
563,88760.56390429198
57,88677.8513299222
2908,88581.63691061543
3309,88560.270945415
3010,88555.24556691437
3011,88555.24556691437
3210,88555.24556691437
3009,88555.24556691437
3209,88555.24556691437
3308,88555.24556691437
3108,88555.24556691437
3109,88555.24556691437
3208,88555.24556691437
3107,88555.24556691437
3110,88555.24556691437
3111,88551.52702406386
6802,88545.72140749206
5817,88361.01295025526
360,88360.02577933038
158,88349.44956014918
983,88340.1923462856
3012,88326.09673071171
2177,88309.17119311444
3214,88295.11126199937
3408,88289.34528683167
3112,88269.68705637968
676,88190.59801031988
2433,88137.85292228116
6333,88127.90698451556
42,88116.61874853844
5287,88099.10407832333
1479,88090.98001484804
7019,88082.95289026077
5529,88080.86217915549
3213,88028.11115092736
4373,87997.12433872085
931,87951.56617847321
4908,87820.77845336463
310,87819.00126464278
575,87763.0922898084
141,87677.59873346887
663,87655.38472260407
6815,87652.08862539845
3113,87622.55312067544
3512,87557.34028298287
3212,87514.84439018257
3013,87486.36381947571
1581,87481.21008771098
5201,87456.60057565659
6013,87447.10881056242
7101,87401.3714813565
9738,87375.5182939255
9939,87375.5182939255
9940,87375.5182939255
9838,87375.5182939255
881,87340.38915757292
2304,87317.33833527805
2261,87224.36730406823
2161,87205.01434427332
3207,87064.12782860041
5810,86999.32202404462
462,86980.28865362829
9837,86905.31157780638
5927,86820.60756049822
1391,86638.54116864555
358,86571.14192790144
1681,86509.65024103608
1283,86476.76648090091
933,86460.31999490104
4713,86345.92507744746
2220,86316.56581434926
5829,86256.23801351231
681,86160.97989622735
3542,86087.95246324035
243,86085.58521095697
5826,85923.68528272292
2176,85903.23339655974
1363,85874.29695567566
4698,85848.74489057033
5890,85807.73431267004
1959,85803.70654673007
9914,85761.16773637242
5891,85720.15707101148
1392,85718.9383406906
1811,85697.9745985581
573,85697.93204305165
1291,85668.21255865849
4609,85650.93962837374
5014,85650.93962837374
6213,85532.50507937455
361,85443.02667509008
1390,85399.47348457525
400,85372.7374421725
5401,85364.88242171134
59,85229.41971771739
1096,85169.55344303531
1909,85112.33528630558
6511,85095.52183409208
6705,85015.34764685476
662,84939.748626494
1292,84927.19513526397
4813,84852.43893694176
6506,84793.81650878285
4403,84787.99556470464
1582,84782.74677448653
1434,84659.19275019344
1276,84654.7875529088
6930,84650.57168577412
2333,84621.63781838235
6529,84582.82520747202
6035,84388.28098540418
1682,84377.66518179051
5432,84358.99123017273
5830,84284.20722238066
4500,84142.0457267522
4917,84139.73754452258
4103,84127.62104827263
5302,84097.24306340136
5388,83987.97116363417
4607,83869.53851385262
5611,83768.11624764817
4673,83695.46550931386
834,83677.4022513334
102,83665.5751306133
5,83630.69735532455
7701,83602.53190540495
6920,83529.6248016016
5016,83514.6312822695
6830,83486.33705335055
6931,83485.99953382248
674,83456.90730322163
772,83456.90730322163
773,83456.90730322163
774,83456.90730322163
775,83456.90730322163
675,83456.90730322163
974,83456.90730322163
874,83456.90730322163
875,83456.90730322163
873,83456.90730322163
973,83456.90730322163
672,83456.90730322163
673,83456.90730322163
872,83456.90730322163
972,83436.30217697627
1636,83426.81973158673
463,83346.11365876261
4913,83328.78735872975
562,83269.58551772853
574,83240.62519121086
4600,83156.1722181052
4800,83155.07469217874
4700,83133.19726901982
4900,83130.5574657043
4699,83107.46182949338
4910,83086.08915432323
5530,83003.08888897544
5531,83003.08888897544
5731,83003.08888897544
5532,83003.08888897544
5630,83003.08888897544
5631,83003.08888897544
5632,83003.08888897544
5629,83003.07598800816
5730,83002.80904067677
5729,83002.71348586418
2076,82980.45408422356
5211,82934.3795830217
5013,82881.07402274742
5113,82865.53033058524
41,82846.81355402364
1713,82836.12096869337
5431,82720.69134986619
1393,82708.68403120151
2377,82666.77479002872
5915,82655.70453351125
64,82645.96936252352
5111,82643.51933818327
4794,82598.04483920429
9836,82558.85826595545
5301,82473.8841609792
2169,82458.02845827436
301,82411.24930407853
6821,82324.5134255069
6313,82235.53704842592
4705,82207.03146842726
1282,82071.77753442101
33,82038.77694985083
258,82021.57897070392
4799,81882.45384657838
6204,81869.91638013405
4695,81815.90526231391
6513,81775.47436435668
480,81724.00842847888
3607,81686.1761071182
5989,81676.46331740482
6604,81665.19017184932
157,81521.64123695958
359,81299.22520874949
795,81250.80873490754
895,81249.52268419742
777,81228.88312377843
6606,81150.47480383822
6304,81137.29769410589
6404,81127.43819615543
6605,81127.43819615543
6503,81127.43819615543
6504,81127.43819615543
6505,81127.43819615543
2170,81044.56546640457
1196,81010.81313937152
9601,81003.70683702569
9638,80974.4958849479
900,80881.49662914954
6831,80842.49550834199
2065,80799.2567772014
6303,80787.76693982475
6413,80732.96783510511
5114,80634.1957412451
2675,80588.91397677409
7121,80579.01797169645
6403,80544.1583350004
683,80528.1571103242
1481,80517.54072929433
4507,80474.27026938276
406,80425.59426145231
1935,80344.1265384519
5738,80291.82598133388
5935,80290.62023528689
2659,80169.10381133383
6405,80154.9183053941
6901,80130.98098745254
6215,80062.91952543717
584,80037.13918779578
1712,80030.36735773036
1810,80030.36735773036
5939,80017.00291923124
1710,80001.69386721609
2603,79940.71561876178
4914,79863.96613862217
257,79720.69841472579
5112,79672.0781391448
4899,79622.11865568833
6717,79547.37931359079
5834,79396.32168073389
3411,79361.04847358218
2276,79226.38494933014
4614,79224.01611746136
6603,79061.12983320412
362,78980.86970843875
1183,78840.21241652766
4697,78732.85668998164
4696,78732.85668998164
3313,78533.13628507807
6015,78509.75348882424
484,78399.99136219201
1184,78334.9710363365
1280,78197.32727037426
6115,78187.63088387469
5920,78127.73423897703
3541,78082.6428842574
260,77994.83368389306
159,77989.99452479112
160,77908.55200702278
6134,77826.35851685776
682,77820.27062648728
259,77774.00204645116
6612,77770.06007476109
5929,77746.46371769188
1182,77603.84571588012
4912,77496.21106482584
5892,77433.57043316824
385,77183.2280293786
4714,77102.83676186962
4814,77102.83676186962
2761,77084.081013661
4916,77050.350636662
6921,77048.8014986355
5285,76945.38529589004
583,76935.07520977313
407,76868.34548021435
6014,76848.10126519216
261,76724.08959806214
2371,76602.83247393146
5115,76546.66775693123
7021,76374.24736199067
1083,76340.92460737262
60,76316.50211371368
831,76255.71690478845
6114,76220.8243838218
1281,76200.46373609155
5097,76152.35098911161
982,76108.23968384624
3106,76080.60191424598
6810,76044.52725286823
2060,76028.66060926279
2019,76026.7340355484
7022,75904.49379976271
6005,75882.9542465045
4010,75691.15123193082
9817,75657.24526233316
6922,75608.92682376006
1809,75578.55998421207
6812,75545.2391216812
4213,75527.90666120133
9937,75464.69198095809
5926,75463.23378089223
5732,75370.23473110284
34,75300.4086841974
2568,75248.46558357337
32,75161.88675293398
4715,75161.86320181433
4815,75161.86320181433
4816,75161.86320181433
6214,75141.23991686512
1192,75067.04998948016
2059,75060.23366542043
1082,74965.13101187002
6811,74956.53937304106
634,74948.5947675176
1181,74899.60679718034
1917,74882.77344952883
1277,74864.49069053832
1278,74864.49069053832
1081,74864.49069053832
981,74864.49069053832
1279,74864.49069053832
1179,74864.49069053832
1180,74864.49069053832
1080,74864.08451893537
4915,74861.44408146148
1178,74840.50025900414
1079,74815.9194086291
6402,74805.65058752005
3412,74745.39998197703
5096,74597.42932481496
4896,74597.42932481496
4996,74597.42932481496
4895,74597.42932481495
4796,74597.42932481495
4795,74597.42932481495
4997,74597.42932481495
4897,74594.71547115564
4898,74592.23398079001
4797,74587.71647419946
4998,74584.13830757762
4798,74542.46561466683
5202,74503.14096396258
534,74423.45794237476
3709,74421.2971338803
7020,74403.30315466029
6613,74370.47762309492
980,74341.92671541487
6610,74321.93930493637
4995,74198.49997185632
4774,74175.58837425195
635,74132.83954639126
9814,74121.94573531383
6006,74121.25710498168
880,74105.75756489772
5919,74047.14310763856
5814,74023.1726171769
684,73967.84646482182
979,73838.2362444047
6712,73732.67649614763
1535,73636.35565559518
780,73615.20163048935
5012,73556.64679936321
232,73529.15783975866
4894,73524.37023376866
3345,73403.49621983834
4214,73385.35567993828
4374,73334.15125870775
5837,73287.41265319307
6616,73184.15973362174
5990,73182.3409898878
1176,73173.02936317706
5713,73160.02414984451
436,73025.91048361945
2257,72941.26512948339
1078,72869.53664953022
93,72861.65586482098
5618,72800.18206309382
1378,72796.12605372831
5914,72723.39399860914
131,72710.31608100733
5619,72659.96824064583
5909,72618.64862721044
6432,72571.8301298427
6731,72551.5299756288
3711,72448.29018183026
5938,72391.33956716223
2160,72368.79081310812
4016,72302.2049907088
238,72223.8913180968
3026,72132.38549699484
2803,72083.90981856047
140,72029.43872290452
408,71952.54052657406
2860,71942.23043301757
4811,71935.98898260965
1381,71835.70780721164
3904,71815.8883848057
533,71804.88518589527
5095,71770.64433100281
496,71755.30336698914
5822,71735.05685902483
497,71701.81198812685
679,71685.5913910606
5839,71600.12590764422
1177,71583.18318727559
3311,71576.32347315576
1379,71423.7175715414
1380,71171.75935041762
164,71030.20044439359
3044,70880.96517897442
1480,70853.42498699107
5194,70586.63546343002
5515,70504.39994437245
132,70479.49546308658
6427,70449.87433115015
39,70391.54726328628
2370,70351.45114064752
2470,70351.45114064752
2471,70351.45114064752
2270,70351.45114064752
210,70283.24100743575
377,70281.08596905555
1362,70245.90066357836
2431,70235.35049473881
2432,70235.35049473881
2232,70235.35049473881
2331,70235.35049473881
2332,70235.35049473881
4115,70183.18619727624
6020,70179.3865176815
6711,70082.52603656623
798,70067.50901817105
3509,70043.50283635549
2570,69969.26433306202
4994,69850.26245946229
3916,69842.4700263095
3910,69666.77371323142
5820,69639.14079121649
5284,69628.19683882054
5815,69563.48515773972
3714,69515.9099226463
5720,69472.12014001947
40,69457.31458270016
1084,69385.42129301536
3142,69346.5824192961
6091,69339.60341227698
1711,69323.73794048313
5617,69258.22127019179
3511,69208.36690494801
5821,69088.66420704967
4111,68864.58996583795
1612,68739.54892965975
433,68736.84710727316
794,68706.32076069049
879,68584.29537121055
2376,68550.23336537766
5905,68377.12459266918
734,68345.15210250067
830,68265.99061718312
2367,68235.61322610536
928,68097.83866081847
231,68097.65915120105
6713,68085.7709346885
825,68080.81703515329
426,68077.99855968333
427,68077.99855968333
530,68077.99855968333
229,68077.99855968333
529,68077.99855968333
329,68077.99855968333
429,68077.99855968333
328,68077.99855968333
425,68077.99855968333
230,68077.99855968333
528,68077.99855968333
327,68077.99855968333
428,68077.99855968333
228,68077.99855968333
330,68077.99855968333
430,68077.99855968333
31,68077.99855968333
129,68077.99855968333
629,68077.99855968333
130,68077.99855968333
527,68077.92619972964
431,68077.51850864768
531,68076.9601546147
435,68076.4121674955
628,68076.2218507325
630,68074.78158133397
331,68073.78055889056
526,68071.86468736028
826,68069.7209577052
335,68069.40672982039
631,68069.16332004983
525,68065.43921344257
336,68064.54515233276
729,68063.35225637883
627,68062.56204648223
332,68062.32142144415
827,68061.3040115309
235,68060.99672782469
234,68056.55423431378
632,68056.27544198466
334,68055.38434189286
434,68054.61575826316
725,68053.67103608573
728,68053.66623584456
732,68053.17973662414
726,68053.11268205274
524,68052.56595351455
731,68052.43634941948
730,68052.40774036753
233,68052.334489802
828,68052.24230717716
824,68051.1615993973
633,68051.12212533489
721,68050.5575587682
724,68050.5575587682
833,68050.5575587682
930,68050.5575587682
932,68050.5575587682
625,68050.5575587682
623,68050.5575587682
723,68050.5575587682
829,68050.5575587682
821,68050.5575587682
727,68050.5575587682
624,68050.5575587682
822,68050.5575587682
626,68050.5575587682
823,68050.5575587682
733,68050.5575587682
532,68050.5575587682
333,68050.5575587682
622,68050.5575587682
722,68050.5575587682
832,68050.5575587682
921,68050.5575587682
922,68050.5575587682
923,68011.94694409482
820,68001.61889694608
404,67975.51686820462
326,67959.69479028476
128,67910.25806118008
927,67870.35857054417
5719,67827.27977054352
4911,67779.97894896538
925,67714.78697701858
926,67698.8884558135
924,67656.94837102608
30,67584.75104439973
5102,67580.26460800656
929,67539.78238963457
227,67416.04223436253
4704,67410.81721289619
2269,67380.40453826459
920,67361.0927052233
286,67317.32060330264
6814,67308.9042914758
403,67289.5295612498
2670,67238.09449525301
5818,67202.73932095841
236,67145.43257192356
6034,67084.54882467448
6429,67076.03071004173
3510,66982.2090662795
523,66909.3853873985
2322,66852.3675785179
978,66779.78215899454
6631,66642.10487145184
894,66587.48311672072
6323,66575.36309637004
5716,66511.31393630995
5718,66456.37105337082
6314,66363.96217063174
135,66291.02459077256
6730,66223.2056046027
1185,66194.87199162434
3710,66169.12212988241
2361,66073.00176852515
81,65974.45452573115
778,65921.76184395306
3307,65738.8733128512
237,65735.57283028682
424,65643.57302608732
1463,65612.14045790848
5612,65601.30012931347
3814,65592.36683437861
1230,65580.10898662874
136,65538.15524890553
36,65535.654804508085
35,65535.654804508085
37,65535.654804508085
38,65535.654804508085
139,65535.654804508085
138,65534.02281971188
720,65531.01950032137
137,65523.62218948232
5094,65510.48753938593
3245,65445.730840548
5616,65436.21909485332
5717,65408.785823927996
5293,65356.27341619011
1077,65287.0296154484
5819,65245.90577703646
29,65193.883661128675
2369,65071.35592066923
2324,65037.325862407415
133,64948.19670824778
5015,64934.34423223584
877,64671.662505942564
5620,64657.26355217421
3444,64630.18207831456
779,64531.158394043334
878,64531.158394043334
977,64531.15839404333
1032,64383.89847414944
9410,64359.8017006976
2672,64238.05126647071
5093,64158.86141070476
5092,64158.86141070476
5193,64158.86141070476
5192,64158.86141070476
4993,64158.86141070476
2022,64132.13649567056
5838,64064.89510649683
3609,64030.823233236195
3143,63981.426907835856
3344,63981.426907835856
3342,63981.426907835856
3242,63981.426907835856
3343,63981.426907835856
3443,63981.426907835856
3244,63981.426907835856
3243,63981.426907835856
3442,63981.426907835856
3144,63981.426907835856
6531,63898.066856663536
680,63862.73249057941
784,63818.80339242989
2569,63788.5567937728
1716,63712.98394978308
621,63704.95331557627
2120,63559.42947913974
713,63551.98844773242
6291,63542.48395209915
1212,63534.579327094514
1908,63372.08836854588
485,63340.271675103104
432,63299.502540218295
5721,63251.50069846545
405,63158.625061657636
134,63137.816218901855
1506,63062.9701050336
1799,63017.60664987242
325,62982.080159723904
1633,62925.76547080884
2572,62872.633184612336
9917,62867.720093834265
127,62847.04503435284
2323,62771.10024943708
6121,62656.32174568019
5991,62532.92059511518
2469,62509.0580464671
6028,62484.15019738133
2298,62482.71494861535
1191,62429.5737395202
6813,62368.70440506533
3610,62363.00176563073
3611,62351.84885906082
498,62254.55711563796
6530,62220.77897963714
3815,62220.63520915415
5925,62217.40410604285
5714,62018.29921701774
3911,61834.664861637255
3915,61824.4036620218
522,61796.97353095158
1031,61783.535117703366
1907,61773.410646276374
6630,61771.65210484588
1536,61758.847408947346
4113,61554.95698035673
9910,61458.38080989388
1611,61445.8964456225
4114,61425.854661751924
4015,61425.854661751924
4014,61425.365621555924
4112,61417.84730918557
4011,61371.49640937883
3713,61357.20335562942
3914,61282.02814803252
4473,61221.2957357204
3810,61124.14019391592
226,61117.30460655263
4013,61007.67203180476
4012,60925.86167053776
2671,60540.36374377847
2221,60536.765385604696
161,60495.34990180007
2467,60442.61139584235
2500,60365.78775162068
3612,60334.601594063046
1435,60316.37445757484
5831,60237.24768122461
1334,60230.5064706492
6702,60172.23433926559
6325,60152.1072629703
423,60132.51195197678
1411,60116.8276445944
6428,59955.86483011566
3912,59794.332903204
535,59755.898638263534
9602,59746.57677883643
324,59739.81267059151
181,59723.73747031886
2268,59705.71932811964
225,59697.425772849594
323,59679.23540807471
819,59578.972538669244
422,59554.77012625655
5934,59516.24632589963
3312,59483.36812022926
28,59318.43474314759
5414,59255.595567692115
2499,59253.68041182986
5710,59147.73346997976
5212,59095.19843793613
1934,59024.044551481784
2674,59022.65461365942
500,58854.11215834804
499,58845.47085893318
600,58820.70802032874
599,58798.99798273034
598,58794.80463361573
799,58794.80463361573
698,58794.80463361573
699,58794.80463361573
700,58771.70993626204
800,58745.72287849119
1709,58474.26104189912
2061,58407.85657715766
1507,58293.920162469345
224,58213.6934752319
1613,58110.02116386652
3005,58038.309275813976
126,57988.36656626261
6716,57895.507615220195
9705,57858.300577705864
262,57804.70795976163
1610,57760.92218773195
2468,57669.770453312114
2368,57669.770453312114
1133,57617.24134518924
4503,57508.901789804935
409,57478.936225544705
9504,57376.96220093415
2122,57337.296117803766
3613,57315.120989632414
9905,57102.24170040728
3812,57077.50178197665
294,57063.60061377542
6431,57022.6289658581
919,57001.35090442199
4302,56995.19489221554
1311,56894.95894733534
389,56842.097146286455
1511,56840.56676694527
3913,56711.32117198346
9805,56702.42895956923
363,56694.43822769461
9904,56651.233629283604
5906,56618.677640822716
9804,56525.95524265765
9702,56508.23760369679
9803,56508.23760369679
9903,56506.80050340965
9802,56502.32078247701
1825,56490.48299765512
3705,56472.704176483225
9902,56349.866231175605
483,56316.427466481204
1835,56307.420541439344
6326,56270.12703323326
10,56177.72321054698
2477,56124.6599866585
395,56024.283700611406
110,55906.46538892155
9407,55862.061563222116
63,55828.89664950296
6090,55785.368252919674
6290,55727.94792661052
6714,55579.903562165186
9901,55478.038918533864
2231,55359.68918581516
9604,55359.67769045486
5439,55226.47998558896
695,55207.37930338998
1564,55077.3204884009
9704,55028.54426292896
223,55010.62523344083
6328,54983.66257516009
9715,54933.087624430635
6089,54851.63798922581
6007,54774.622275978734
1333,54758.533532724316
620,54703.50826207968
9603,54696.672301394814
2204,54657.813510738226
797,54602.57500299572
1918,54499.8240733433
521,54432.129467003935
3813,54318.99113792469
263,54153.693344207175
61,54153.693344207175
62,54153.693344207175
162,54153.693344207175
163,54153.693344207175
125,54138.56348885739
1899,53996.37617757678
9703,53972.81854861703
1718,53867.954273705574
4202,53799.50634396606
2007,53737.86750179702
1660,53698.37128711296
5715,53568.04191932047
5413,53471.54810821773
5514,53471.542229269886
5512,53412.798782994425
5513,53390.93675661147
9716,53368.0111134294
3508,53352.13444464798
984,53320.52360807618
27,53278.19224299316
5613,53058.28483724846
2661,52966.19826636278
402,52960.44010427537
6008,52936.19655877549
9801,52934.42973420796
5615,52922.426017937265
5614,52850.797155768996
6715,52822.80729907382
1462,52656.77516405625
2105,52605.50290633798
612,52589.302522332975
5412,52502.16020521558
1394,52450.36755735421
1361,52396.81234251568
6430,52390.978264646816
6617,52221.01103403421
884,52195.484893739944
6611,52191.03390819831
9409,52157.502218180176
1293,52018.69952550525
1560,51985.8529933069
5011,51976.38890062451
597,51929.405861147105
1008,51928.85286592674
5511,51820.63407075175
2429,51811.73679093606
3206,51732.028956702066
5806,51684.7462488413
5809,51670.988339306605
1735,51551.5506294674
322,51542.97076800741
4806,51448.71278980122
193,51439.64716797984
6128,51284.92148845712
5010,51238.061251698964
9408,51230.32474746043
5908,51173.6023452202
5708,51173.232762769425
5709,51173.04897318752
192,51098.3441976268
293,51098.3441976268
92,51098.3441976268
6330,51083.2105908377
191,51076.19298452236
1727,51040.658483043
292,51013.33557800378
384,50982.65457657773
2577,50965.99734092912
5807,50879.70420140436
394,50639.93631100343
2020,50587.36438195796
6027,50547.18599996781
188,50544.655465718395
393,50516.90693236007
5907,50402.66417153981
5610,50202.25418118657
1518,50153.281333510015
1819,50153.281333510015
1919,50153.281333510015
1616,50153.281333510015
1619,50153.281333510015
1817,50153.281333510015
1818,50153.281333510015
1719,50153.281333510015
6228,50151.7753185739
582,50139.47826561421
1617,50115.3168464823
1618,50060.58892029476
6502,50001.49981078233
1517,49990.238994057836
26,49966.58261180676
25,49966.58261180676
9701,49926.04859457921
281,49899.983975480194
5808,49861.279703493856
124,49739.813998373014
1614,49674.80333422366
6233,49664.18794302489
24,49538.2430929714
1418,49323.080146335065
5609,48960.43817166667
5411,48813.98905805688
6331,48801.43171453779
1808,48748.44759649351
1211,48695.36466351812
9605,48458.26257346946
697,48437.999534964445
5313,48426.494357927724
5930,48252.22145904765
6329,48201.12492741585
1717,48161.562944732505
5707,48074.69688183168
1515,48071.98373289488
3606,47985.74986643447
6229,47924.27249930433
421,47895.91311133198
2033,47870.61787513436
2461,47804.98520130163
91,47715.43801053822
1519,47679.192450341965
1514,47677.24538209454
495,47602.12260131696
719,47389.72328713851
6127,47348.653999018476
6129,47254.64398324754
6327,47232.89674647881
2132,47095.71016948917
1516,47030.57311415404
2198,47027.44856734388
2062,46969.88613623461
6230,46948.184491821004
1290,46885.52395940067
6324,46869.71099353573
6227,46852.981675129464
5921,46726.46173266445
2561,46702.01847988786
494,46655.25932045254
1415,46564.76081017668
2474,46431.45480116113
5924,46424.25375220409
5923,46424.25375220409
6226,46402.29812645057
2557,46249.26115469288
1205,46209.4376470446
2456,46174.83320254463
1029,46162.01156154669
1233,46111.98297468765
6133,46111.02921680567
6026,46005.30254049527
2660,45986.05058309201
5922,45977.785410456214
1419,45970.036420849785
5312,45966.39695985762
5805,45729.50710136423
1305,45658.96225843195
1314,45658.96225843195
1309,45658.96225843195
1413,45658.96225843195
1410,45658.96225843195
1409,45658.96225843195
1408,45658.96225843195
1214,45658.96225843195
1312,45658.96225843195
1213,45658.96225843195
1313,45658.96225843195
1405,45658.96225843195
1315,45658.96225843195
1209,45658.96225843195
1412,45658.96225843195
1510,45658.96225843195
1602,45658.96225843195
1603,45658.96225843195
1509,45658.96225843195
1113,45658.96225843195
1512,45658.96225843195
1505,45658.96225843195
1513,45658.96225843195
1502,45658.96225843195
1508,45658.96225843195
1708,45658.96225843195
1609,45658.96225843195
1608,45658.96225843195
1604,45658.96225843195
1414,45637.92710122211
1707,45614.2704101944
1112,45592.66795985753
1304,45586.51196498247
1706,45556.33563696091
6033,45503.30099449482
9405,45461.88894173297
2260,45412.261315377225
1704,45357.36894218973
1806,45347.35032501347
90,45314.14549153594
89,45314.14549153594
88,45314.14549153594
5804,45255.607911412866
1021,45192.97644081953
596,45112.53816937127
1111,45067.97904205263
3811,45045.49852471867
1605,45014.23099607143
1030,45000.841751291955
1702,44960.155216214545
1110,44951.47374380052
1601,44891.58132253557
1210,44886.793050588385
2760,44872.13470088111
2426,44853.60359961974
2064,44818.6155516582
2330,44737.48017015614
4474,44616.633420603444
1404,44579.33265371581
5510,44363.2181278954
1114,44355.15685188733
1109,44337.2251394957
1402,44221.44387147905
1288,44169.27211563322
1705,44163.799609806956
1504,44107.13050887777
1607,44035.69129792513
1215,44005.40361093564
187,43972.994339873476
4676,43972.373942095386
9916,43958.42179460522
87,43951.05413170799
1920,43905.525196951676
595,43853.89235676173
1620,43579.857399059234
1820,43544.79066548431
1703,43536.40167231296
1802,43511.80902268224
1563,43511.29804549507
1665,43496.154530941865
818,43494.545664539575
2558,43361.95814063601
1012,43357.18057832775
1960,43326.4960027266
2023,43310.096302518876
1805,43142.28827907339
1963,43140.49393037387
1964,43140.49393037387
1762,43140.49393037387
1763,43140.49393037387
1962,43140.49393037387
1965,43140.49393037387
1961,43140.49393037387
1764,43140.49393037387
1862,43140.49393037387
1863,43140.49393037387
1861,43140.49393037387
1664,43140.49393037387
1663,43140.49393037387
1662,43140.49393037387
1864,43140.49393037387
2063,43140.49393037387
1865,43136.583906846885
1765,43135.451977819386
1803,43134.96708023108
1761,43134.826956974706
1022,43126.85134947066
1562,43123.90052862266
4003,43088.34823599056
1661,43066.274333513415
1860,43023.72360117685
1461,42970.91272344595
1760,42970.873496954344
1561,42949.72002307227
2628,42925.54246885845
6126,42885.01935648112
1807,42867.84483896755
520,42811.30449098851
1204,42780.10706682356
1606,42746.503293706
1013,42672.01511854819
2159,42669.23477252737
1501,42566.466528682264
1296,42527.39818398637
2503,42515.29035718123
311,42488.11907800203
1303,42474.99606788607
5002,42359.828806136764
1720,42315.39603323226
718,42177.112991979855
519,42151.94626440608
518,42151.94626440608
419,42151.94626440608
619,42151.94626440608
618,42151.94626440608
420,42151.94626440608
9505,42134.84769570306
6029,42103.33091374758
4674,42038.92763111868
1904,41996.86881131839
1804,41947.90579025846
2360,41918.72625734066
2559,41889.31027753933
2357,41889.31027753933
2560,41889.31027753933
2259,41889.31027753933
2258,41889.31027753933
2358,41889.31027753933
2460,41889.31027753933
2457,41889.31027753933
2458,41889.31027753933
2359,41889.31027753933
2459,41889.31027753933
2158,41854.52486623376
517,41746.70040650598
893,41664.597039695145
1011,41641.036392048336
1903,41607.929124023685
918,41571.708788170705
321,41555.64406380871
6801,41547.216437254814
1725,41526.94276822275
410,41513.24758624767
2004,41483.925486907065
289,41465.94177465301
1503,41424.86573268376
6025,41381.02295191278
2005,41289.95979192155
1308,41275.51198532757
1115,41003.04900948642
1010,41001.088854683956
418,40816.9644105839
617,40813.611408873694
6332,40811.0275968425
1406,40787.09161071621
5603,40786.382217259204
1905,40740.119673948226
6024,40691.60681016264
5009,40616.73492291412
1014,40591.18091954654
1028,40541.042444431914
9406,40518.492942261844
2223,40507.58338533845
5832,40408.445132233486
2673,40406.17838166315
1906,40339.48072583667
1116,40274.784389408014
694,40269.07003318047
1015,40259.87813312002
1417,40250.89513815393
1701,40142.2750157231
6231,40112.64394917791
2573,40027.33010103541
1216,40022.58997280449
1020,39911.6814017039
1520,39858.35203866044
2476,39844.21174369386
9816,39819.3919198103
123,39813.185957474954
914,39775.49296027517
2224,39771.90268070666
1009,39743.6303044508
2123,39684.29062773333
2576,39597.603917744644
915,39554.100885794636
907,39549.6438681008
1092,39504.898760594624
5933,39501.48600882135
1998,39411.596638053394
1104,39351.591349358
2575,39294.69846480565
2574,39294.69846480565
2475,39294.69846480565
2222,39160.93545279288
2527,39094.099665566566
5503,39030.94868470756
6122,38977.23463575302
908,38923.28297350773
1403,38911.6035816459
1108,38905.263641082965
6130,38842.90122059205
5833,38832.403112324544
5931,38832.403112324544
5932,38832.403112324544
6032,38832.403112324544
6031,38832.23533202459
6132,38830.099275456174
6131,38829.54306596335
6232,38829.44145778335
6030,38827.48863936752
2104,38666.87425362181
1004,38537.733756338785
190,38527.87340414581
5703,38475.68772060315
189,38392.61231268552
1203,38392.343693116214
386,38378.71689673992
6023,38340.28509622069
1622,38307.04150813154
392,38245.58373207187
2326,38208.66158240681
2226,38208.66158240681
2325,38208.66158240681
2225,38208.66158240681
9510,38198.58380134201
2227,38191.44051063515
285,38154.17722056229
906,38134.67010766382
717,38106.91490047194
222,38081.07968804876
808,38042.396422791375
320,37936.513677882176
1728,37780.22068994604
1401,37777.257674545144
401,37741.59079454909
291,37646.6465374568
1407,37644.360036016464
1202,37621.51006080577
2021,37594.5711226602
9815,37569.78309915784
1102,37529.28174346384
1117,37519.42952874936
1521,37508.23229255445
801,37504.23289248393
807,37454.60490205467
585,37451.07368369449
411,37401.95925472
904,37386.81660850971
6223,37377.71216704035
702,37357.464679550474
1319,37342.638948444415
1316,37341.27713685259
905,37320.560755567705
2127,37299.879804706674
1721,37282.152976391364
1421,37233.292435322895
1103,37200.174300974286
1018,37199.86900705264
806,37195.43606666489
607,37193.765500488335
1302,37188.24993538937
1101,37156.54170317864
1927,37152.657560303276
1926,37152.657560303276
1827,37152.657560303276
1928,37152.657560303276
2027,37152.657560303276
1829,37152.657560303276
1828,37152.657560303276
2028,37152.657560303276
1729,37152.657560303276
2128,37152.657560303276
817,37104.5052538406
9909,37083.04763191525
1621,37069.45241612076
903,37065.238585719526
707,37028.597167296684
803,37021.69952491444
512,37018.57832463
804,37017.856243274146
2006,37007.52432410171
502,36997.498657022945
606,36997.498657022945
703,36997.498657022945
704,36997.498657022945
705,36997.498657022945
501,36997.498657022945
706,36997.498657022945
506,36997.498657022945
503,36997.498657022945
504,36997.498657022945
505,36997.498657022945
805,36997.498657022945
605,36997.498657022945
604,36997.498657022945
603,36997.498657022945
601,36997.498657022945
1001,36997.498657022945
701,36997.498657022945
1201,36997.498657022945
602,36997.498657022945
902,36997.498657022945
1301,36997.498657022945
901,36997.498657022945
1929,36978.06679641575
2025,36925.12548798987
1320,36862.94283443592
1220,36859.78930253436
186,36841.52952269854
1321,36829.422279848746
912,36825.4799543673
913,36822.07257690617
802,36809.048801770834
507,36791.53803905154
1120,36780.831609854766
1119,36775.90392192493
1019,36775.90392192493
1002,36722.08902859697
1186,36679.41872850764
2125,36672.957124036024
1219,36524.78432363363
2228,36487.07059922686
1221,36360.22675840147
1105,36323.441324438485
1730,36315.52327358123
1921,36315.476955730686
708,36269.25318899441
1023,36251.46482017652
2327,36142.74381006576
3105,36135.06769347407
4907,36106.887338024324
1533,36091.51608118214
1003,36089.27328143876
1826,36074.55042312082
417,36007.20704941878
2029,35978.84556699691
608,35944.80283227975
1208,35897.709027420846
6189,35854.98251505085
513,35839.33684190037
613,35776.5606829646
508,35742.14046519537
510,35662.19314803487
609,35662.19314803487
610,35662.19314803487
509,35662.19314803487
709,35637.60841715967
611,35626.69321494367
511,35598.78141885961
313,35567.84893153562
1830,35560.83937564739
715,35560.563189783374
2124,35514.225395470596
813,35507.165052289936
6225,35481.4712029026
710,35477.90435811059
412,35417.42770711824
413,35417.42770711824
414,35416.434443663304
1821,35397.11732021717
514,35374.04528297756
809,35353.5579705435
9608,35309.24356820682
711,35307.87531628004
910,35301.459337146756
714,35298.59072682911
312,35290.9937987823
911,35289.44763852221
811,35277.43593989861
810,35277.43593989861
909,35277.43593989861
812,35277.43593989861
1017,35249.377098552264
917,35201.58595871723
614,35107.31315841016
319,35103.91833389628
916,35094.599712825795
515,35087.35570043917
816,35074.387867318634
716,35046.36622778666
1420,35038.12354860648
615,35032.67049898196
9908,35005.51616548379
5311,34893.78439856539
1016,34883.225407732745
1217,34831.11552802591
1922,34779.03260411709
415,34647.43206652219
1925,34636.17018274709
616,34606.40238318178
23,34524.624528809974
493,34475.49774608018
2427,34462.452419517234
6022,34460.55892729039
516,34449.86465322127
6123,34383.51710107292
6124,34383.51710107292
6125,34383.51710107292
6224,34383.51710107292
6021,34382.85108040358
4775,34299.41387787314
1416,34286.30249115141
1306,34262.382800501626
2126,34166.030133399785
6191,34143.37394506853
1318,34130.764203499464
2129,33939.14794952123
5706,33902.03858030606
796,33893.96815565429
3804,33876.94472470655
1317,33863.26936763228
315,33837.260043332506
6190,33804.05902170576
416,33691.023488544495
2802,33587.41538872486
221,33559.46960003987
211,33486.57266923297
381,33408.74957155947
1722,33408.30169085486
1121,33393.628579650634
1629,33382.395248110144
1218,33378.78150983661
318,33148.42083978743
388,33136.63855411707
314,33114.064845280955
111,32752.319016421894
1522,32707.18046452597
2026,32659.615191125355
316,32548.01694092115
1130,32531.39485987603
1726,32520.861882564568
1822,32509.127923401993
2229,32491.643373752227
22,32448.544104278375
122,32444.964157051694
21,32434.81731777522
20,32424.47858323343
19,32423.481374300736
121,32421.759135500542
18,32421.169935388723
17,32421.14542657296
317,32421.10310336322
118,32421.10310336322
117,32421.10310336322
119,32421.10310336322
216,32421.10310336322
217,32421.10310336322
218,32421.10310336322
219,32421.10310336322
220,32421.10310336322
120,32421.10310336322
287,32413.153165357282
1027,32393.89262582951
1118,32303.635590405676
5403,32151.616405701418
9906,32124.216732237262
1731,32109.245550891163
1930,31971.848892823626
116,31961.402467877237
2003,31939.156455065462
86,31754.86667758603
1006,31656.187336441428
594,31593.673176187895
1422,31575.24608077523
5608,31553.974054124694
6602,31311.566407265673
3407,31236.618972521515
1831,31216.83649719236
215,31172.87890850452
4573,30942.060213424353
288,30886.91594073282
9506,30848.96052890762
5001,30752.002583409634
2328,30582.824357706446
1187,30535.60280766309
1630,30521.89968793242
2702,30476.12022520551
2428,30364.310113323558
2528,30348.980863798297
383,30312.84632753641
1189,30289.770564430048
1329,30283.48030439386
4805,30244.602728175953
2400,30198.386377500658
2399,30198.386377500658
2299,30198.386377500658
2098,30198.386377500658
1005,30135.230948620854
685,30128.332837493857
2024,30122.3083611659
1289,30097.941424585246
1085,30071.69641468612
2199,30063.575945057954
5103,30001.16794563943
1228,29950.38430578603
2329,29913.123284096477
1089,29909.991876419615
1086,29894.3685343436
886,29893.113126786295
889,29893.113126786295
986,29893.113126786295
987,29893.113126786295
989,29893.113126786295
1088,29893.113126786295
1087,29893.113126786295
490,29893.113126786295
489,29893.113126786295
488,29893.113126786295
487,29893.113126786295
486,29893.113126786295
885,29893.113126786295
988,29893.113126786295
686,29893.113126786295
786,29893.113126786295
687,29893.113126786295
688,29893.113126786295
590,29893.113126786295
589,29893.113126786295
588,29893.113126786295
587,29893.113126786295
586,29893.113126786295
689,29893.113126786295
690,29893.113126786295
785,29893.113126786295
1188,29893.113126786295
789,29893.113126786295
491,29891.494718101352
790,29882.207056732914
1310,29859.325816532808
788,29847.71722750713
387,29844.46709991216
787,29828.914917573093
985,29799.39925104019
696,29790.123526487936
1626,29675.091842090867
11,29643.678374578245
9809,29610.516764840784
888,29567.461707109043
390,29564.120082748344
887,29550.02222492787
890,29436.474979967177
591,29403.78345651301
1132,29393.553358388373
1322,29258.931082159066
1523,29246.200648284514
1723,29246.200648284514
1525,29246.200648284514
1524,29246.200648284514
1526,29246.200648284514
1625,29246.200648284514
1623,29246.200648284514
1624,29246.200648284514
1527,29238.067744390013
1528,29175.872339607628
1529,29159.16173577353
1530,29159.16173577353
1328,29158.926328113794
391,29152.97409030815
1427,29149.802624953234
1428,29074.796401208303
1327,29013.065224511425
814,28982.50925775396
1425,28972.86364103293
2099,28958.326896606737
1424,28888.880798243874
1430,28885.824728521937
290,28885.28121305595
1423,28881.255560025347
1426,28852.00092290029
1429,28845.73961668075
1924,28824.49307917155
1227,28682.438913581933
1127,28633.489848542227
2300,28615.888988193914
990,28613.29379361761
1026,28599.733397295688
1323,28599.733397295688
1025,28599.733397295688
1324,28590.49585791117
1222,28567.464107471333
1325,28556.21007380726
1126,28554.338832756563
1125,28530.527735406777
1326,28522.1113460546
1223,28517.805488562408
9806,28517.162143529524
1224,28513.3065121794
1124,28513.017106050374
1226,28512.69448478469
1225,28512.69448478469
1331,28512.69448478469
1330,28512.69448478469
1122,28512.69448478469
1123,28512.69448478469
1231,28512.69448478469
1232,28512.69448478469
9808,28505.293435076117
1431,28483.798419295657
1332,28395.400831630996
1229,28297.868762352842
6401,28230.06206580194
492,28217.949648304035
1824,28132.044018494893
1628,28129.702900598593
82,28057.115433580726
1823,28027.821048930964
3504,28010.387701828742
1724,27996.726835196703
1634,27989.996560601063
1531,27902.62945573619
9713,27804.929206090295
581,27784.143018475846
5604,27731.45048661143
1923,27666.455691377712
1999,27646.368746026223
1902,27645.19715742577
1090,27641.27051355822
9712,27626.798924188948
2230,27594.773535338005
691,27528.07284269934
1128,27446.077596994306
83,27362.048912163995
84,27362.048912163995
284,27362.048912163995
185,27362.048912163995
184,27362.048912163995
183,27362.048912163995
283,27362.048912163995
382,27362.048912163995
282,27362.048912163995
85,27362.048912163995
482,27362.048912163995
481,27360.590871597356
2030,27356.889670688543
182,27269.200067743735
1832,27198.710771804905
1190,27168.561879412126
5303,27153.55404614169
1933,27100.288902748074
16,26981.52028378045
1801,26914.28490188112
1631,26880.841081784205
1432,26876.15686722546
2131,26873.892397046868
212,26864.464722052147
1932,26846.10090215172
1931,26846.10090215172
2032,26846.10090215172
2031,26846.10090215172
1833,26786.812159394114
1732,26766.927397284242
1433,26754.949812365667
1834,26754.949812365667
1734,26754.949812365667
1733,26754.949812365667
1635,26754.949812365667
1632,26754.949812365667
1532,26754.949812365667
2130,26706.66475990059
995,26627.94034167125
791,26574.81559776519
5003,26468.643214626878
592,26034.832395961068
6501,25614.197427243682
6601,25614.197427243682
6701,25614.197427243682
9811,25523.2622703299
891,25359.37372286794
9509,25234.46162609257
213,25173.739452635524
4603,25124.606407550826
1007,25110.360861031062
9512,25085.846567755616
593,25084.99491454362
892,24956.75320826574
692,24956.75320826574
991,24956.75320826574
1091,24956.75320826574
792,24956.75320826574
693,24956.75320826574
9714,24930.95663912809
115,24853.62218586361
5203,24648.93883053484
2403,24603.06376230591
992,24471.692029526333
793,24364.049251856908
3104,24354.57426302415
1193,24206.416067473332
9706,23799.562207527022
2103,23594.098174973842
9609,23407.497862200955
1106,23282.99311135735
214,23109.93480862829
2200,23101.70104024896
4804,23096.41337794966
4903,23095.61845888153
9936,22985.852105027298
5509,22938.747711879838
2203,22864.14164469107
114,22780.673452613413
3205,22710.201231201136
5110,22518.116087241822
815,22453.28931352865
9508,22448.100002420037
15,22429.40090209849
5607,22352.20590088092
2002,22298.331684746976
4102,22291.15684049841
2001,22177.034905179524
4402,22162.97522651567
2502,22129.050988379182
2602,22129.050988379182
2601,22129.050988379182
1901,22129.050988379182
2501,22129.050988379182
2402,22129.050988379182
2401,22129.050988379182
2303,22129.050988379182
2102,22129.050988379182
2302,22029.210773559247
2201,22005.479717992617
2902,21958.01958428139
2301,21948.133237165068
9606,21896.18928143671
9610,21875.319425110072
12,21867.786346409193
993,21863.000731214273
2101,21773.206316376738
9607,21674.192209674704
1195,21571.144020865857
1295,21571.144020865857
1093,21571.144020865857
1095,21571.144020865857
1294,21571.144020865857
1194,21569.477614210497
994,21566.377909425926
1094,21562.732266434465
9511,21557.063004623837
2202,21552.945709346113
14,21478.096601778616
1129,21446.42561880627
9507,21348.596224913912
4902,21333.653072320245
2100,21290.549229432934
9708,21264.436515616464
2701,21201.54794166921
2000,21181.86596150555
4703,21181.57081077041
9709,21116.062082515935
9707,21031.953858800407
9807,20917.686257950052
9611,20913.60180044579
9710,20895.46331601869
9810,20892.59676600006
9907,20892.59676600006
9711,20892.59676600006
9612,20892.59676600006
3306,20736.078239616356
1900,20565.068400353994
9613,20543.474676434507
4803,20322.648004858234
4574,20235.720181852426
4575,19998.85824043628
1206,19986.58399299194
1800,19961.755140408208
3204,19887.64326892851
4675,19883.167021914276
3507,19725.11622409788
5104,19610.704144371055
2903,19529.394788334725
3604,19395.097091243006
5205,19298.912537485492
5105,18967.331047621945
5004,18845.329409554914
3704,18841.581980272607
3903,18691.286516881933
4002,18655.02299587325
4101,18634.781258463114
3801,18634.781258463114
4001,18634.781258463114
3605,18634.781258463114
3502,18634.781258463114
3503,18634.781258463114
3902,18634.781258463114
3602,18634.781258463114
3603,18634.781258463114
3601,18634.781258463114
3701,18634.781258463114
3702,18634.781258463114
3703,18634.781258463114
3802,18634.781258463114
3803,18634.781258463114
3901,18634.781258463114
3402,18621.12205267139
3301,18601.302803692884
3401,18563.484818708934
3403,18550.956841966516
3505,18528.57208081065
3302,18527.215356428285
3404,18518.534353384315
3506,18516.693475434735
3201,18515.062171161608
3002,18514.871059401736
3003,18514.871059401736
3305,18514.871059401736
3103,18514.871059401736
3102,18514.871059401736
3304,18514.871059401736
3303,18514.871059401736
3004,18514.871059401736
3202,18514.871059401736
3101,18514.871059401736
3405,18514.871059401736
3406,18514.871059401736
3203,18514.871059401736
5504,18491.29230233599
3001,18477.01801672035
3501,18398.249513705556
4801,18242.290705515454
5705,17937.587365849995
4802,17930.14864482974
4901,17930.14864482974
4701,17839.529985851314
4904,17378.50503199195
5704,17276.22722122273
5605,17274.975569252827
5606,17273.713739476258
5506,17271.065402747838
5505,17271.065402747838
5507,17271.065402747838
5406,17271.065402747838
5405,17271.065402747838
5404,17271.065402747838
5307,17271.065402747838
5305,17271.065402747838
5304,17271.065402747838
5005,17271.065402747838
5106,17271.065402747838
5204,17210.02081633888
5207,17170.53565713369
5306,17007.179267859272
5206,16790.394552203194
5107,16559.524224182707
5407,16425.978671659177
5408,16344.287972843622
4201,16164.066083403652
5208,16142.195608448337
5008,16074.99150674787
5006,15685.71995104856
1307,15616.036178975564
5508,15552.790189134714
5109,15331.95871436784
4702,15119.271288697597
4905,14959.109990016597
5108,14949.00798071482
4601,14927.958261855754
5410,14893.094461539331
5308,14833.210885019025
5409,13975.444980072003
5309,13695.657690137396
13,13538.531293557158
4301,13472.401202715782
4502,13407.474496785613
4602,13407.474496785613
4401,13407.474496785613
5209,13383.221514620936
113,13242.852423000126
4501,13205.956585780701
5007,13068.424440486378
1534,13067.917860606765
1107,12964.484432827008
4906,12759.607246153439
5210,12748.391254703716
5310,12720.36282734631
2901,11664.610446852876
5338,7233.56179665715
1207,5362.053772481802
112,3479.2422430759148
5238,3040.924661017214
2801,2704.127470548485
5339,691.2068124693415
5239,213.62653467298063
